"","year","state","CVE_GEO","births"
"1",1970,"01",1,15353
"2",1970,"02",2,34333
"3",1970,"03",3,5113
"4",1970,"04",4,12073
"5",1970,"05",5,47468
"6",1970,"06",6,10386
"7",1970,"07",7,83111
"8",1970,"08",8,68452
"9",1970,"09",9,298537
"10",1970,"10",10,42644
"11",1970,"11",11,103624
"12",1970,"12",12,85806
"13",1970,"13",13,57592
"14",1970,"14",14,154621
"15",1970,"15",15,171152
"16",1970,"16",16,112109
"17",1970,"17",17,27021
"18",1970,"18",18,24257
"19",1970,"19",19,68631
"20",1970,"20",20,108232
"21",1970,"21",21,130600
"22",1970,"22",22,22889
"23",1970,"23",23,3946
"24",1970,"24",24,62505
"25",1970,"25",25,52232
"26",1970,"26",26,46911
"27",1970,"27",27,35807
"28",1970,"28",28,61615
"29",1970,"29",29,18779
"30",1970,"30",30,177570
"31",1970,"31",31,35363
"32",1970,"32",32,43853
"33",1970,"33",0,2222585
"34",1971,"01",1,15850
"35",1971,"02",2,34498
"36",1971,"03",3,5288
"37",1971,"04",4,12503
"38",1971,"05",5,48047
"39",1971,"06",6,10616
"40",1971,"07",7,84631
"41",1971,"08",8,68696
"42",1971,"09",9,298267
"43",1971,"10",10,43153
"44",1971,"11",11,105563
"45",1971,"12",12,87375
"46",1971,"13",13,58353
"47",1971,"14",14,157602
"48",1971,"15",15,181401
"49",1971,"16",16,113807
"50",1971,"17",17,27696
"51",1971,"18",18,24643
"52",1971,"19",19,69509
"53",1971,"20",20,109132
"54",1971,"21",21,133160
"55",1971,"22",22,23657
"56",1971,"23",23,4332
"57",1971,"24",24,63573
"58",1971,"25",25,53206
"59",1971,"26",26,47354
"60",1971,"27",27,36510
"61",1971,"28",28,61942
"62",1971,"29",29,19119
"63",1971,"30",30,180657
"64",1971,"31",31,35928
"65",1971,"32",32,44412
"66",1971,"33",0,2260480
"67",1972,"01",1,16364
"68",1972,"02",2,34641
"69",1972,"03",3,5469
"70",1972,"04",4,12943
"71",1972,"05",5,48612
"72",1972,"06",6,10853
"73",1972,"07",7,86166
"74",1972,"08",8,68913
"75",1972,"09",9,297800
"76",1972,"10",10,43665
"77",1972,"11",11,107544
"78",1972,"12",12,88973
"79",1972,"13",13,59124
"80",1972,"14",14,160649
"81",1972,"15",15,191885
"82",1972,"16",16,115525
"83",1972,"17",17,28378
"84",1972,"18",18,25030
"85",1972,"19",19,70355
"86",1972,"20",20,110004
"87",1972,"21",21,135777
"88",1972,"22",22,24445
"89",1972,"23",23,4727
"90",1972,"24",24,64663
"91",1972,"25",25,54185
"92",1972,"26",26,47786
"93",1972,"27",27,37222
"94",1972,"28",28,62246
"95",1972,"29",29,19465
"96",1972,"30",30,183763
"97",1972,"31",31,36500
"98",1972,"32",32,44977
"99",1972,"33",0,2298649
"100",1973,"01",1,16815
"101",1973,"02",2,34861
"102",1973,"03",3,5651
"103",1973,"04",4,13347
"104",1973,"05",5,49154
"105",1973,"06",6,11058
"106",1973,"07",7,87129
"107",1973,"08",8,69064
"108",1973,"09",9,297790
"109",1973,"10",10,43965
"110",1973,"11",11,108968
"111",1973,"12",12,89905
"112",1973,"13",13,59560
"113",1973,"14",14,162867
"114",1973,"15",15,202182
"115",1973,"16",16,116475
"116",1973,"17",17,29011
"117",1973,"18",18,25311
"118",1973,"19",19,71300
"119",1973,"20",20,109962
"120",1973,"21",21,137417
"121",1973,"22",22,25107
"122",1973,"23",23,5123
"123",1973,"24",24,65305
"124",1973,"25",25,55107
"125",1973,"26",26,48206
"126",1973,"27",27,37795
"127",1973,"28",28,62535
"128",1973,"29",29,19708
"129",1973,"30",30,186255
"130",1973,"31",31,36954
"131",1973,"32",32,45205
"132",1973,"33",0,2329092
"133",1974,"01",1,17213
"134",1974,"02",2,34933
"135",1974,"03",3,5813
"136",1974,"04",4,13711
"137",1974,"05",5,49508
"138",1974,"06",6,11230
"139",1974,"07",7,87786
"140",1974,"08",8,68938
"141",1974,"09",9,296540
"142",1974,"10",10,44106
"143",1974,"11",11,110035
"144",1974,"12",12,90526
"145",1974,"13",13,59792
"146",1974,"14",14,164542
"147",1974,"15",15,211911
"148",1974,"16",16,117028
"149",1974,"17",17,29538
"150",1974,"18",18,25504
"151",1974,"19",19,71963
"152",1974,"20",20,109500
"153",1974,"21",21,138604
"154",1974,"22",22,25691
"155",1974,"23",23,5508
"156",1974,"24",24,65732
"157",1974,"25",25,55831
"158",1974,"26",26,48434
"159",1974,"27",27,38235
"160",1974,"28",28,62574
"161",1974,"29",29,19883
"162",1974,"30",30,188080
"163",1974,"31",31,37276
"164",1974,"32",32,45287
"165",1974,"33",0,2351252
"166",1975,"01",1,17564
"167",1975,"02",2,34873
"168",1975,"03",3,5956
"169",1975,"04",4,14027
"170",1975,"05",5,49681
"171",1975,"06",6,11362
"172",1975,"07",7,88158
"173",1975,"08",8,68558
"174",1975,"09",9,294133
"175",1975,"10",10,44109
"176",1975,"11",11,110763
"177",1975,"12",12,90869
"178",1975,"13",13,59829
"179",1975,"14",14,165717
"180",1975,"15",15,221030
"181",1975,"16",16,117213
"182",1975,"17",17,29976
"183",1975,"18",18,25609
"184",1975,"19",19,72356
"185",1975,"20",20,108662
"186",1975,"21",21,139372
"187",1975,"22",22,26214
"188",1975,"23",23,5873
"189",1975,"24",24,65958
"190",1975,"25",25,56370
"191",1975,"26",26,48480
"192",1975,"27",27,38548
"193",1975,"28",28,62383
"194",1975,"29",29,19996
"195",1975,"30",30,189272
"196",1975,"31",31,37471
"197",1975,"32",32,45227
"198",1975,"33",0,2365609
"199",1976,"01",1,17816
"200",1976,"02",2,34573
"201",1976,"03",3,6055
"202",1976,"04",4,14257
"203",1976,"05",5,49524
"204",1976,"06",6,11427
"205",1976,"07",7,87985
"206",1976,"08",8,67726
"207",1976,"09",9,289737
"208",1976,"10",10,43836
"209",1976,"11",11,110825
"210",1976,"12",12,90660
"211",1976,"13",13,59508
"212",1976,"14",14,165897
"213",1976,"15",15,228783
"214",1976,"16",16,116694
"215",1976,"17",17,30225
"216",1976,"18",18,25554
"217",1976,"19",19,72256
"218",1976,"20",20,107146
"219",1976,"21",21,139322
"220",1976,"22",22,26584
"221",1976,"23",23,6198
"222",1976,"24",24,65796
"223",1976,"25",25,56547
"224",1976,"26",26,48200
"225",1976,"27",27,38618
"226",1976,"28",28,61779
"227",1976,"29",29,19992
"228",1976,"30",30,189263
"229",1976,"31",31,37430
"230",1976,"32",32,44901
"231",1976,"33",0,2365114
"232",1977,"01",1,18070
"233",1977,"02",2,34239
"234",1977,"03",3,6151
"235",1977,"04",4,14475
"236",1977,"05",5,49328
"237",1977,"06",6,11482
"238",1977,"07",7,87799
"239",1977,"08",8,66856
"240",1977,"09",9,285131
"241",1977,"10",10,43551
"242",1977,"11",11,110885
"243",1977,"12",12,90449
"244",1977,"13",13,59177
"245",1977,"14",14,166085
"246",1977,"15",15,236423
"247",1977,"16",16,116185
"248",1977,"17",17,30462
"249",1977,"18",18,25493
"250",1977,"19",19,72098
"251",1977,"20",20,105596
"252",1977,"21",21,139271
"253",1977,"22",22,26969
"254",1977,"23",23,6515
"255",1977,"24",24,65635
"256",1977,"25",25,56697
"257",1977,"26",26,47889
"258",1977,"27",27,38667
"259",1977,"28",28,61135
"260",1977,"29",29,19987
"261",1977,"30",30,189179
"262",1977,"31",31,37377
"263",1977,"32",32,44579
"264",1977,"33",0,2363835
"265",1978,"01",1,18306
"266",1978,"02",2,34068
"267",1978,"03",3,6263
"268",1978,"04",4,14703
"269",1978,"05",5,49253
"270",1978,"06",6,11550
"271",1978,"07",7,87432
"272",1978,"08",8,66130
"273",1978,"09",9,281891
"274",1978,"10",10,43218
"275",1978,"11",11,110797
"276",1978,"12",12,89992
"277",1978,"13",13,58771
"278",1978,"14",14,166072
"279",1978,"15",15,244369
"280",1978,"16",16,115400
"281",1978,"17",17,30732
"282",1978,"18",18,25413
"283",1978,"19",19,72223
"284",1978,"20",20,103762
"285",1978,"21",21,138896
"286",1978,"22",22,27300
"287",1978,"23",23,6846
"288",1978,"24",24,65317
"289",1978,"25",25,56933
"290",1978,"26",26,47701
"291",1978,"27",27,38699
"292",1978,"28",28,60662
"293",1978,"29",29,19956
"294",1978,"30",30,189177
"295",1978,"31",31,37350
"296",1978,"32",32,44121
"297",1978,"33",0,2363303
"298",1979,"01",1,18560
"299",1979,"02",2,33905
"300",1979,"03",3,6379
"301",1979,"04",4,14935
"302",1979,"05",5,49194
"303",1979,"06",6,11622
"304",1979,"07",7,87138
"305",1979,"08",8,65435
"306",1979,"09",9,278761
"307",1979,"10",10,42910
"308",1979,"11",11,110806
"309",1979,"12",12,89607
"310",1979,"13",13,58409
"311",1979,"14",14,166221
"312",1979,"15",15,252461
"313",1979,"16",16,114724
"314",1979,"17",17,31022
"315",1979,"18",18,25342
"316",1979,"19",19,72368
"317",1979,"20",20,101998
"318",1979,"21",21,138648
"319",1979,"22",22,27666
"320",1979,"23",23,7178
"321",1979,"24",24,65060
"322",1979,"25",25,57198
"323",1979,"26",26,47530
"324",1979,"27",27,38755
"325",1979,"28",28,60210
"326",1979,"29",29,19945
"327",1979,"30",30,189290
"328",1979,"31",31,37344
"329",1979,"32",32,43703
"330",1979,"33",0,2364324
"331",1980,"01",1,18868
"332",1980,"02",2,33869
"333",1980,"03",3,6506
"334",1980,"04",4,15125
"335",1980,"05",5,49200
"336",1980,"06",6,11691
"337",1980,"07",7,87574
"338",1980,"08",8,64894
"339",1980,"09",9,274246
"340",1980,"10",10,42677
"341",1980,"11",11,111323
"342",1980,"12",12,89519
"343",1980,"13",13,58277
"344",1980,"14",14,166611
"345",1980,"15",15,259255
"346",1980,"16",16,114492
"347",1980,"17",17,31283
"348",1980,"18",18,25273
"349",1980,"19",19,72454
"350",1980,"20",20,100906
"351",1980,"21",21,138791
"352",1980,"22",22,28162
"353",1980,"23",23,7593
"354",1980,"24",24,64988
"355",1980,"25",25,57396
"356",1980,"26",26,47375
"357",1980,"27",27,39006
"358",1980,"28",28,59781
"359",1980,"29",29,20052
"360",1980,"30",30,189158
"361",1980,"31",31,37393
"362",1980,"32",32,43430
"363",1980,"33",0,2367168
"364",1981,"01",1,19249
"365",1981,"02",2,34063
"366",1981,"03",3,6647
"367",1981,"04",4,15215
"368",1981,"05",5,49314
"369",1981,"06",6,11743
"370",1981,"07",7,89382
"371",1981,"08",8,64628
"372",1981,"09",9,266896
"373",1981,"10",10,42567
"374",1981,"11",11,112737
"375",1981,"12",12,89959
"376",1981,"13",13,58553
"377",1981,"14",14,167310
"378",1981,"15",15,263318
"379",1981,"16",16,115013
"380",1981,"17",17,31459
"381",1981,"18",18,25188
"382",1981,"19",19,72411
"383",1981,"20",20,101081
"384",1981,"21",21,139557
"385",1981,"22",22,28893
"386",1981,"23",23,8174
"387",1981,"24",24,65222
"388",1981,"25",25,57430
"389",1981,"26",26,47237
"390",1981,"27",27,39614
"391",1981,"28",28,59384
"392",1981,"29",29,20389
"393",1981,"30",30,188443
"394",1981,"31",31,37511
"395",1981,"32",32,43404
"396",1981,"33",0,2371991
"397",1982,"01",1,19671
"398",1982,"02",2,34351
"399",1982,"03",3,6792
"400",1982,"04",4,15256
"401",1982,"05",5,49463
"402",1982,"06",6,11785
"403",1982,"07",7,91902
"404",1982,"08",8,64477
"405",1982,"09",9,258099
"406",1982,"10",10,42510
"407",1982,"11",11,114606
"408",1982,"12",12,90668
"409",1982,"13",13,59031
"410",1982,"14",14,168174
"411",1982,"15",15,265999
"412",1982,"16",16,115929
"413",1982,"17",17,31596
"414",1982,"18",18,25090
"415",1982,"19",19,72270
"416",1982,"20",20,101904
"417",1982,"21",21,140659
"418",1982,"22",22,29749
"419",1982,"23",23,8835
"420",1982,"24",24,65622
"421",1982,"25",25,57368
"422",1982,"26",26,47086
"423",1982,"27",27,40400
"424",1982,"28",28,58978
"425",1982,"29",29,20840
"426",1982,"30",30,187424
"427",1982,"31",31,37656
"428",1982,"32",32,43509
"429",1982,"33",0,2377699
"430",1983,"01",1,19976
"431",1983,"02",2,35339
"432",1983,"03",3,7000
"433",1983,"04",4,15522
"434",1983,"05",5,50140
"435",1983,"06",6,11733
"436",1983,"07",7,95029
"437",1983,"08",8,64794
"438",1983,"09",9,248784
"439",1983,"10",10,42499
"440",1983,"11",11,115826
"441",1983,"12",12,91088
"442",1983,"13",13,58726
"443",1983,"14",14,168891
"444",1983,"15",15,269798
"445",1983,"16",16,116552
"446",1983,"17",17,31698
"447",1983,"18",18,24950
"448",1983,"19",19,72293
"449",1983,"20",20,102291
"450",1983,"21",21,141450
"451",1983,"22",22,30536
"452",1983,"23",23,9624
"453",1983,"24",24,65563
"454",1983,"25",25,57609
"455",1983,"26",26,47135
"456",1983,"27",27,41080
"457",1983,"28",28,58626
"458",1983,"29",29,21264
"459",1983,"30",30,185852
"460",1983,"31",31,38145
"461",1983,"32",32,43211
"462",1983,"33",0,2383024
"463",1984,"01",1,20277
"464",1984,"02",2,36355
"465",1984,"03",3,7214
"466",1984,"04",4,15799
"467",1984,"05",5,50833
"468",1984,"06",6,11669
"469",1984,"07",7,98262
"470",1984,"08",8,65117
"471",1984,"09",9,239347
"472",1984,"10",10,42489
"473",1984,"11",11,117024
"474",1984,"12",12,91514
"475",1984,"13",13,58360
"476",1984,"14",14,169606
"477",1984,"15",15,273584
"478",1984,"16",16,117182
"479",1984,"17",17,31787
"480",1984,"18",18,24804
"481",1984,"19",19,72281
"482",1984,"20",20,102679
"483",1984,"21",21,142261
"484",1984,"22",22,31329
"485",1984,"23",23,10435
"486",1984,"24",24,65489
"487",1984,"25",25,57850
"488",1984,"26",26,47167
"489",1984,"27",27,41753
"490",1984,"28",28,58248
"491",1984,"29",29,21696
"492",1984,"30",30,184231
"493",1984,"31",31,38649
"494",1984,"32",32,42901
"495",1984,"33",0,2388192
"496",1985,"01",1,20561
"497",1985,"02",2,37392
"498",1985,"03",3,7427
"499",1985,"04",4,16090
"500",1985,"05",5,51535
"501",1985,"06",6,11590
"502",1985,"07",7,101583
"503",1985,"08",8,65435
"504",1985,"09",9,229772
"505",1985,"10",10,42476
"506",1985,"11",11,118169
"507",1985,"12",12,91929
"508",1985,"13",13,57915
"509",1985,"14",14,170282
"510",1985,"15",15,277316
"511",1985,"16",16,117796
"512",1985,"17",17,31858
"513",1985,"18",18,24646
"514",1985,"19",19,72217
"515",1985,"20",20,103049
"516",1985,"21",21,143067
"517",1985,"22",22,32124
"518",1985,"23",23,11269
"519",1985,"24",24,65386
"520",1985,"25",25,58075
"521",1985,"26",26,47180
"522",1985,"27",27,42404
"523",1985,"28",28,57830
"524",1985,"29",29,22128
"525",1985,"30",30,182527
"526",1985,"31",31,39168
"527",1985,"32",32,42572
"528",1985,"33",0,2392768
"529",1986,"01",1,20835
"530",1986,"02",2,38468
"531",1986,"03",3,7645
"532",1986,"04",4,16394
"533",1986,"05",5,52256
"534",1986,"06",6,11499
"535",1986,"07",7,105019
"536",1986,"08",8,65764
"537",1986,"09",9,220085
"538",1986,"10",10,42472
"539",1986,"11",11,119285
"540",1986,"12",12,92358
"541",1986,"13",13,57396
"542",1986,"14",14,170965
"543",1986,"15",15,281038
"544",1986,"16",16,118418
"545",1986,"17",17,31912
"546",1986,"18",18,24490
"547",1986,"19",19,72107
"548",1986,"20",20,103423
"549",1986,"21",21,143905
"550",1986,"22",22,32927
"551",1986,"23",23,12129
"552",1986,"24",24,65264
"553",1986,"25",25,58294
"554",1986,"26",26,47176
"555",1986,"27",27,43047
"556",1986,"28",28,57390
"557",1986,"29",29,22564
"558",1986,"30",30,180772
"559",1986,"31",31,39706
"560",1986,"32",32,42232
"561",1986,"33",0,2397235
"562",1987,"01",1,21101
"563",1987,"02",2,39585
"564",1987,"03",3,7860
"565",1987,"04",4,16719
"566",1987,"05",5,53007
"567",1987,"06",6,11391
"568",1987,"07",7,108598
"569",1987,"08",8,66117
"570",1987,"09",9,210306
"571",1987,"10",10,42484
"572",1987,"11",11,120385
"573",1987,"12",12,92812
"574",1987,"13",13,56804
"575",1987,"14",14,171651
"576",1987,"15",15,284789
"577",1987,"16",16,119064
"578",1987,"17",17,31954
"579",1987,"18",18,24325
"580",1987,"19",19,71952
"581",1987,"20",20,103818
"582",1987,"21",21,144793
"583",1987,"22",22,33739
"584",1987,"23",23,13022
"585",1987,"24",24,65131
"586",1987,"25",25,58516
"587",1987,"26",26,47163
"588",1987,"27",27,43680
"589",1987,"28",28,56931
"590",1987,"29",29,23005
"591",1987,"30",30,178969
"592",1987,"31",31,40278
"593",1987,"32",32,41884
"594",1987,"33",0,2401833
"595",1988,"01",1,21679
"596",1988,"02",2,43183
"597",1988,"03",3,8233
"598",1988,"04",4,16871
"599",1988,"05",5,53793
"600",1988,"06",6,11429
"601",1988,"07",7,111154
"602",1988,"08",8,67733
"603",1988,"09",9,197497
"604",1988,"10",10,43261
"605",1988,"11",11,121664
"606",1988,"12",12,91930
"607",1988,"13",13,55979
"608",1988,"14",14,172599
"609",1988,"15",15,290106
"610",1988,"16",16,120048
"611",1988,"17",17,31612
"612",1988,"18",18,24239
"613",1988,"19",19,71340
"614",1988,"20",20,103979
"615",1988,"21",21,143191
"616",1988,"22",22,34503
"617",1988,"23",23,14447
"618",1988,"24",24,65095
"619",1988,"25",25,57930
"620",1988,"26",26,47276
"621",1988,"27",27,44546
"622",1988,"28",28,57757
"623",1988,"29",29,23098
"624",1988,"30",30,177829
"625",1988,"31",31,41030
"626",1988,"32",32,41464
"627",1988,"33",0,2406495
"628",1989,"01",1,22262
"629",1989,"02",2,46757
"630",1989,"03",3,8601
"631",1989,"04",4,17016
"632",1989,"05",5,54552
"633",1989,"06",6,11462
"634",1989,"07",7,113672
"635",1989,"08",8,69278
"636",1989,"09",9,185279
"637",1989,"10",10,43988
"638",1989,"11",11,122957
"639",1989,"12",12,91056
"640",1989,"13",13,55136
"641",1989,"14",14,173584
"642",1989,"15",15,295284
"643",1989,"16",16,120999
"644",1989,"17",17,31282
"645",1989,"18",18,24148
"646",1989,"19",19,70763
"647",1989,"20",20,104127
"648",1989,"21",21,141652
"649",1989,"22",22,35267
"650",1989,"23",23,15918
"651",1989,"24",24,65043
"652",1989,"25",25,57350
"653",1989,"26",26,47364
"654",1989,"27",27,45395
"655",1989,"28",28,58522
"656",1989,"29",29,23191
"657",1989,"30",30,176621
"658",1989,"31",31,41766
"659",1989,"32",32,41045
"660",1989,"33",0,2411337
"661",1990,"01",1,22820
"662",1990,"02",2,50358
"663",1990,"03",3,8895
"664",1990,"04",4,17232
"665",1990,"05",5,55022
"666",1990,"06",6,11501
"667",1990,"07",7,115026
"668",1990,"08",8,70730
"669",1990,"09",9,175305
"670",1990,"10",10,44620
"671",1990,"11",11,123683
"672",1990,"12",12,90053
"673",1990,"13",13,54251
"674",1990,"14",14,174821
"675",1990,"15",15,300535
"676",1990,"16",16,121745
"677",1990,"17",17,31096
"678",1990,"18",18,24106
"679",1990,"19",19,70244
"680",1990,"20",20,103835
"681",1990,"21",21,140235
"682",1990,"22",22,35947
"683",1990,"23",23,17400
"684",1990,"24",24,64928
"685",1990,"25",25,56718
"686",1990,"26",26,47416
"687",1990,"27",27,46099
"688",1990,"28",28,59307
"689",1990,"29",29,23239
"690",1990,"30",30,175260
"691",1990,"31",31,42512
"692",1990,"32",32,40654
"693",1990,"33",0,2415593
"694",1991,"01",1,23258
"695",1991,"02",2,50868
"696",1991,"03",3,8954
"697",1991,"04",4,17245
"698",1991,"05",5,55130
"699",1991,"06",6,11695
"700",1991,"07",7,114195
"701",1991,"08",8,71082
"702",1991,"09",9,173633
"703",1991,"10",10,43990
"704",1991,"11",11,123637
"705",1991,"12",12,89995
"706",1991,"13",13,55278
"707",1991,"14",14,173043
"708",1991,"15",15,299882
"709",1991,"16",16,120552
"710",1991,"17",17,32322
"711",1991,"18",18,24052
"712",1991,"19",19,72682
"713",1991,"20",20,101733
"714",1991,"21",21,141414
"715",1991,"22",22,35817
"716",1991,"23",23,18104
"717",1991,"24",24,65014
"718",1991,"25",25,57833
"719",1991,"26",26,48670
"720",1991,"27",27,46689
"721",1991,"28",28,60212
"722",1991,"29",29,23667
"723",1991,"30",30,175226
"724",1991,"31",31,42242
"725",1991,"32",32,40147
"726",1991,"33",0,2418261
"727",1992,"01",1,23687
"728",1992,"02",2,51325
"729",1992,"03",3,9006
"730",1992,"04",4,17238
"731",1992,"05",5,55200
"732",1992,"06",6,11889
"733",1992,"07",7,113212
"734",1992,"08",8,71371
"735",1992,"09",9,171769
"736",1992,"10",10,43318
"737",1992,"11",11,123459
"738",1992,"12",12,89858
"739",1992,"13",13,56309
"740",1992,"14",14,170989
"741",1992,"15",15,298713
"742",1992,"16",16,119194
"743",1992,"17",17,33586
"744",1992,"18",18,23974
"745",1992,"19",19,75162
"746",1992,"20",20,99477
"747",1992,"21",21,142513
"748",1992,"22",22,35598
"749",1992,"23",23,18791
"750",1992,"24",24,65055
"751",1992,"25",25,58941
"752",1992,"26",26,49951
"753",1992,"27",27,47235
"754",1992,"28",28,61111
"755",1992,"29",29,24081
"756",1992,"30",30,175063
"757",1992,"31",31,41905
"758",1992,"32",32,39589
"759",1992,"33",0,2418569
"760",1993,"01",1,24102
"761",1993,"02",2,51729
"762",1993,"03",3,9051
"763",1993,"04",4,17192
"764",1993,"05",5,55227
"765",1993,"06",6,12080
"766",1993,"07",7,112062
"767",1993,"08",8,71586
"768",1993,"09",9,169697
"769",1993,"10",10,42601
"770",1993,"11",11,123121
"771",1993,"12",12,89640
"772",1993,"13",13,57334
"773",1993,"14",14,168649
"774",1993,"15",15,297002
"775",1993,"16",16,117653
"776",1993,"17",17,34881
"777",1993,"18",18,23866
"778",1993,"19",19,77679
"779",1993,"20",20,97048
"780",1993,"21",21,143518
"781",1993,"22",22,35274
"782",1993,"23",23,19466
"783",1993,"24",24,65047
"784",1993,"25",25,60040
"785",1993,"26",26,51252
"786",1993,"27",27,47736
"787",1993,"28",28,62000
"788",1993,"29",29,24483
"789",1993,"30",30,174762
"790",1993,"31",31,41492
"791",1993,"32",32,38968
"792",1993,"33",0,2416238
"793",1994,"01",1,24485
"794",1994,"02",2,52052
"795",1994,"03",3,9080
"796",1994,"04",4,17112
"797",1994,"05",5,55180
"798",1994,"06",6,12260
"799",1994,"07",7,110686
"800",1994,"08",8,71695
"801",1994,"09",9,167307
"802",1994,"10",10,41815
"803",1994,"11",11,122544
"804",1994,"12",12,89288
"805",1994,"13",13,58326
"806",1994,"14",14,165911
"807",1994,"15",15,294581
"808",1994,"16",16,115853
"809",1994,"17",17,36185
"810",1994,"18",18,23712
"811",1994,"19",19,80184
"812",1994,"20",20,94409
"813",1994,"21",21,144351
"814",1994,"22",22,34822
"815",1994,"23",23,20112
"816",1994,"24",24,64951
"817",1994,"25",25,61096
"818",1994,"26",26,52547
"819",1994,"27",27,48165
"820",1994,"28",28,62846
"821",1994,"29",29,24859
"822",1994,"30",30,174230
"823",1994,"31",31,40974
"824",1994,"32",32,38267
"825",1994,"33",0,2409885
"826",1995,"01",1,24778
"827",1995,"02",2,52183
"828",1995,"03",3,9077
"829",1995,"04",4,16947
"830",1995,"05",5,54934
"831",1995,"06",6,12402
"832",1995,"07",7,108842
"833",1995,"08",8,71530
"834",1995,"09",9,164215
"835",1995,"10",10,40873
"836",1995,"11",11,121448
"837",1995,"12",12,88610
"838",1995,"13",13,59153
"839",1995,"14",14,162404
"840",1995,"15",15,290787
"841",1995,"16",16,113552
"842",1995,"17",17,37420
"843",1995,"18",18,23462
"844",1995,"19",19,82491
"845",1995,"20",20,91352
"846",1995,"21",21,144681
"847",1995,"22",22,34157
"848",1995,"23",23,20683
"849",1995,"24",24,64631
"850",1995,"25",25,61970
"851",1995,"26",26,53853
"852",1995,"27",27,48415
"853",1995,"28",28,63501
"854",1995,"29",29,25143
"855",1995,"30",30,173082
"856",1995,"31",31,40266
"857",1995,"32",32,37401
"858",1995,"33",0,2394243
"859",1996,"01",1,24811
"860",1996,"02",2,52842
"861",1996,"03",3,9104
"862",1996,"04",4,16906
"863",1996,"05",5,54639
"864",1996,"06",6,12378
"865",1996,"07",7,108474
"866",1996,"08",8,71208
"867",1996,"09",9,160303
"868",1996,"10",10,40140
"869",1996,"11",11,120898
"870",1996,"12",12,87607
"871",1996,"13",13,58560
"872",1996,"14",14,161865
"873",1996,"15",15,291972
"874",1996,"16",16,111895
"875",1996,"17",17,37270
"876",1996,"18",18,23240
"877",1996,"19",19,82506
"878",1996,"20",20,90035
"879",1996,"21",21,143538
"880",1996,"22",22,34331
"881",1996,"23",23,21256
"882",1996,"24",24,63694
"883",1996,"25",25,61163
"884",1996,"26",26,53245
"885",1996,"27",27,48215
"886",1996,"28",28,63262
"887",1996,"29",29,25114
"888",1996,"30",30,169976
"889",1996,"31",31,39888
"890",1996,"32",32,36950
"891",1996,"33",0,2377285
"892",1997,"01",1,24804
"893",1997,"02",2,53633
"894",1997,"03",3,9171
"895",1997,"04",4,16837
"896",1997,"05",5,54338
"897",1997,"06",6,12386
"898",1997,"07",7,108845
"899",1997,"08",8,70981
"900",1997,"09",9,156396
"901",1997,"10",10,39353
"902",1997,"11",11,120434
"903",1997,"12",12,86697
"904",1997,"13",13,58028
"905",1997,"14",14,161001
"906",1997,"15",15,293242
"907",1997,"16",16,110119
"908",1997,"17",17,36914
"909",1997,"18",18,22979
"910",1997,"19",19,82345
"911",1997,"20",20,89287
"912",1997,"21",21,143035
"913",1997,"22",22,34602
"914",1997,"23",23,21918
"915",1997,"24",24,62797
"916",1997,"25",25,60259
"917",1997,"26",26,52715
"918",1997,"27",27,48012
"919",1997,"28",28,63169
"920",1997,"29",29,25078
"921",1997,"30",30,166873
"922",1997,"31",31,39540
"923",1997,"32",32,36469
"924",1997,"33",0,2362257
"925",1998,"01",1,24790
"926",1998,"02",2,54426
"927",1998,"03",3,9239
"928",1998,"04",4,16771
"929",1998,"05",5,54057
"930",1998,"06",6,12396
"931",1998,"07",7,109223
"932",1998,"08",8,70779
"933",1998,"09",9,152546
"934",1998,"10",10,38576
"935",1998,"11",11,119962
"936",1998,"12",12,85789
"937",1998,"13",13,57502
"938",1998,"14",14,160119
"939",1998,"15",15,294511
"940",1998,"16",16,108343
"941",1998,"17",17,36562
"942",1998,"18",18,22724
"943",1998,"19",19,82203
"944",1998,"20",20,88529
"945",1998,"21",21,142464
"946",1998,"22",22,34865
"947",1998,"23",23,22558
"948",1998,"24",24,61893
"949",1998,"25",25,59372
"950",1998,"26",26,52199
"951",1998,"27",27,47810
"952",1998,"28",28,63099
"953",1998,"29",29,25038
"954",1998,"30",30,163820
"955",1998,"31",31,39179
"956",1998,"32",32,35986
"957",1998,"33",0,2347330
"958",1999,"01",1,24777
"959",1999,"02",2,55216
"960",1999,"03",3,9309
"961",1999,"04",4,16701
"962",1999,"05",5,53799
"963",1999,"06",6,12410
"964",1999,"07",7,109620
"965",1999,"08",8,70599
"966",1999,"09",9,148765
"967",1999,"10",10,37809
"968",1999,"11",11,119490
"969",1999,"12",12,84887
"970",1999,"13",13,56982
"971",1999,"14",14,159239
"972",1999,"15",15,295809
"973",1999,"16",16,106574
"974",1999,"17",17,36209
"975",1999,"18",18,22480
"976",1999,"19",19,82088
"977",1999,"20",20,87767
"978",1999,"21",21,141839
"979",1999,"22",22,35109
"980",1999,"23",23,23176
"981",1999,"24",24,60993
"982",1999,"25",25,58501
"983",1999,"26",26,51699
"984",1999,"27",27,47613
"985",1999,"28",28,63051
"986",1999,"29",29,24990
"987",1999,"30",30,160838
"988",1999,"31",31,38813
"989",1999,"32",32,35511
"990",1999,"33",0,2332663
"991",2000,"01",1,24834
"992",2000,"02",2,56029
"993",2000,"03",3,9450
"994",2000,"04",4,16706
"995",2000,"05",5,53857
"996",2000,"06",6,12395
"997",2000,"07",7,110266
"998",2000,"08",8,70455
"999",2000,"09",9,145958
"1000",2000,"10",10,37308
"1001",2000,"11",11,119186
"1002",2000,"12",12,84012
"1003",2000,"13",13,56536
"1004",2000,"14",14,158946
"1005",2000,"15",15,296332
"1006",2000,"16",16,104852
"1007",2000,"17",17,35850
"1008",2000,"18",18,22347
"1009",2000,"19",19,82252
"1010",2000,"20",20,86914
"1011",2000,"21",21,140999
"1012",2000,"22",22,35358
"1013",2000,"23",23,23800
"1014",2000,"24",24,60285
"1015",2000,"25",25,57768
"1016",2000,"26",26,51418
"1017",2000,"27",27,47352
"1018",2000,"28",28,63140
"1019",2000,"29",29,25002
"1020",2000,"30",30,158668
"1021",2000,"31",31,38614
"1022",2000,"32",32,35136
"1023",2000,"33",0,2322025
"1024",2001,"01",1,24940
"1025",2001,"02",2,56804
"1026",2001,"03",3,9652
"1027",2001,"04",4,16774
"1028",2001,"05",5,54170
"1029",2001,"06",6,12337
"1030",2001,"07",7,111056
"1031",2001,"08",8,70271
"1032",2001,"09",9,143935
"1033",2001,"10",10,37026
"1034",2001,"11",11,118909
"1035",2001,"12",12,83083
"1036",2001,"13",13,56104
"1037",2001,"14",14,159043
"1038",2001,"15",15,295780
"1039",2001,"16",16,103062
"1040",2001,"17",17,35448
"1041",2001,"18",18,22295
"1042",2001,"19",19,82612
"1043",2001,"20",20,85887
"1044",2001,"21",21,139804
"1045",2001,"22",22,35577
"1046",2001,"23",23,24409
"1047",2001,"24",24,59692
"1048",2001,"25",25,57111
"1049",2001,"26",26,51290
"1050",2001,"27",27,46979
"1051",2001,"28",28,63303
"1052",2001,"29",29,25040
"1053",2001,"30",30,157132
"1054",2001,"31",31,38537
"1055",2001,"32",32,34819
"1056",2001,"33",0,2312881
"1057",2002,"01",1,25022
"1058",2002,"02",2,57550
"1059",2002,"03",3,9852
"1060",2002,"04",4,16828
"1061",2002,"05",5,54479
"1062",2002,"06",6,12274
"1063",2002,"07",7,111812
"1064",2002,"08",8,70069
"1065",2002,"09",9,141856
"1066",2002,"10",10,36721
"1067",2002,"11",11,118548
"1068",2002,"12",12,82115
"1069",2002,"13",13,55644
"1070",2002,"14",14,159015
"1071",2002,"15",15,295070
"1072",2002,"16",16,101196
"1073",2002,"17",17,35020
"1074",2002,"18",18,22240
"1075",2002,"19",19,82948
"1076",2002,"20",20,84818
"1077",2002,"21",21,138481
"1078",2002,"22",22,35760
"1079",2002,"23",23,24984
"1080",2002,"24",24,59043
"1081",2002,"25",25,56430
"1082",2002,"26",26,51142
"1083",2002,"27",27,46590
"1084",2002,"28",28,63450
"1085",2002,"29",29,25061
"1086",2002,"30",30,155541
"1087",2002,"31",31,38422
"1088",2002,"32",32,34477
"1089",2002,"33",0,2302458
"1090",2003,"01",1,25137
"1091",2003,"02",2,58385
"1092",2003,"03",3,10071
"1093",2003,"04",4,16913
"1094",2003,"05",5,54897
"1095",2003,"06",6,12234
"1096",2003,"07",7,112768
"1097",2003,"08",8,69997
"1098",2003,"09",9,140032
"1099",2003,"10",10,36479
"1100",2003,"11",11,118367
"1101",2003,"12",12,81285
"1102",2003,"13",13,55271
"1103",2003,"14",14,159215
"1104",2003,"15",15,294853
"1105",2003,"16",16,99473
"1106",2003,"17",17,34649
"1107",2003,"18",18,22225
"1108",2003,"19",19,83450
"1109",2003,"20",20,83879
"1110",2003,"21",21,137312
"1111",2003,"22",22,35988
"1112",2003,"23",23,25581
"1113",2003,"24",24,58466
"1114",2003,"25",25,55841
"1115",2003,"26",26,51080
"1116",2003,"27",27,46278
"1117",2003,"28",28,63720
"1118",2003,"29",29,25115
"1119",2003,"30",30,154220
"1120",2003,"31",31,38345
"1121",2003,"32",32,34189
"1122",2003,"33",0,2295715
"1123",2004,"01",1,25258
"1124",2004,"02",2,59270
"1125",2004,"03",3,10301
"1126",2004,"04",4,17007
"1127",2004,"05",5,55375
"1128",2004,"06",6,12203
"1129",2004,"07",7,113811
"1130",2004,"08",8,69988
"1131",2004,"09",9,138320
"1132",2004,"10",10,36256
"1133",2004,"11",11,118256
"1134",2004,"12",12,80505
"1135",2004,"13",13,54926
"1136",2004,"14",14,159502
"1137",2004,"15",15,294847
"1138",2004,"16",16,97800
"1139",2004,"17",17,34296
"1140",2004,"18",18,22234
"1141",2004,"19",19,84035
"1142",2004,"20",20,82984
"1143",2004,"21",21,136154
"1144",2004,"22",22,36228
"1145",2004,"23",23,26174
"1146",2004,"24",24,57903
"1147",2004,"25",25,55291
"1148",2004,"26",26,51054
"1149",2004,"27",27,45991
"1150",2004,"28",28,64048
"1151",2004,"29",29,25178
"1152",2004,"30",30,153008
"1153",2004,"31",31,38275
"1154",2004,"32",32,33917
"1155",2004,"33",0,2290395
"1156",2005,"01",1,25325
"1157",2005,"02",2,60057
"1158",2005,"03",3,10517
"1159",2005,"04",4,17069
"1160",2005,"05",5,55773
"1161",2005,"06",6,12149
"1162",2005,"07",7,114660
"1163",2005,"08",8,69871
"1164",2005,"09",9,136380
"1165",2005,"10",10,35961
"1166",2005,"11",11,117918
"1167",2005,"12",12,79580
"1168",2005,"13",13,54475
"1169",2005,"14",14,159486
"1170",2005,"15",15,294324
"1171",2005,"16",16,95928
"1172",2005,"17",17,33883
"1173",2005,"18",18,22208
"1174",2005,"19",19,84503
"1175",2005,"20",20,81921
"1176",2005,"21",21,134667
"1177",2005,"22",22,36386
"1178",2005,"23",23,26698
"1179",2005,"24",24,57203
"1180",2005,"25",25,54645
"1181",2005,"26",26,50939
"1182",2005,"27",27,45623
"1183",2005,"28",28,64282
"1184",2005,"29",29,25182
"1185",2005,"30",30,151523
"1186",2005,"31",31,38112
"1187",2005,"32",32,33586
"1188",2005,"33",0,2280834
"1189",2006,"01",1,25346
"1190",2006,"02",2,60624
"1191",2006,"03",3,10817
"1192",2006,"04",4,17058
"1193",2006,"05",5,56218
"1194",2006,"06",6,12177
"1195",2006,"07",7,115608
"1196",2006,"08",8,69665
"1197",2006,"09",9,134181
"1198",2006,"10",10,35720
"1199",2006,"11",11,118048
"1200",2006,"12",12,79021
"1201",2006,"13",13,54243
"1202",2006,"14",14,159486
"1203",2006,"15",15,293552
"1204",2006,"16",16,94599
"1205",2006,"17",17,33604
"1206",2006,"18",18,22356
"1207",2006,"19",19,85066
"1208",2006,"20",20,81002
"1209",2006,"21",21,132876
"1210",2006,"22",22,36511
"1211",2006,"23",23,27155
"1212",2006,"24",24,56454
"1213",2006,"25",25,54065
"1214",2006,"26",26,50944
"1215",2006,"27",27,45382
"1216",2006,"28",28,64359
"1217",2006,"29",29,25073
"1218",2006,"30",30,150259
"1219",2006,"31",31,37763
"1220",2006,"32",32,33373
"1221",2006,"33",0,2272605
"1222",2007,"01",1,25362
"1223",2007,"02",2,61084
"1224",2007,"03",3,11216
"1225",2007,"04",4,17010
"1226",2007,"05",5,56806
"1227",2007,"06",6,12305
"1228",2007,"07",7,116860
"1229",2007,"08",8,69481
"1230",2007,"09",9,131951
"1231",2007,"10",10,35586
"1232",2007,"11",11,118843
"1233",2007,"12",12,78953
"1234",2007,"13",13,54316
"1235",2007,"14",14,159790
"1236",2007,"15",15,293039
"1237",2007,"16",16,93951
"1238",2007,"17",17,33510
"1239",2007,"18",18,22724
"1240",2007,"19",19,85874
"1241",2007,"20",20,80367
"1242",2007,"21",21,131017
"1243",2007,"22",22,36661
"1244",2007,"23",23,27587
"1245",2007,"24",24,55742
"1246",2007,"25",25,53651
"1247",2007,"26",26,51155
"1248",2007,"27",27,45338
"1249",2007,"28",28,64389
"1250",2007,"29",29,24890
"1251",2007,"30",30,149462
"1252",2007,"31",31,37300
"1253",2007,"32",32,33338
"1254",2007,"33",0,2269558
"1255",2008,"01",1,25414
"1256",2008,"02",2,61660
"1257",2008,"03",3,11643
"1258",2008,"04",4,16985
"1259",2008,"05",5,57513
"1260",2008,"06",6,12454
"1261",2008,"07",7,118328
"1262",2008,"08",8,69428
"1263",2008,"09",9,129933
"1264",2008,"10",10,35508
"1265",2008,"11",11,119816
"1266",2008,"12",12,78995
"1267",2008,"13",13,54456
"1268",2008,"14",14,160334
"1269",2008,"15",15,293030
"1270",2008,"16",16,93407
"1271",2008,"17",17,33462
"1272",2008,"18",18,23141
"1273",2008,"19",19,86867
"1274",2008,"20",20,79833
"1275",2008,"21",21,129276
"1276",2008,"22",22,36853
"1277",2008,"23",23,28044
"1278",2008,"24",24,55091
"1279",2008,"25",25,53320
"1280",2008,"26",26,51457
"1281",2008,"27",27,45364
"1282",2008,"28",28,64540
"1283",2008,"29",29,24736
"1284",2008,"30",30,148902
"1285",2008,"31",31,36880
"1286",2008,"32",32,33358
"1287",2008,"33",0,2270028
"1288",2009,"01",1,25451
"1289",2009,"02",2,62250
"1290",2009,"03",3,12073
"1291",2009,"04",4,16958
"1292",2009,"05",5,58246
"1293",2009,"06",6,12603
"1294",2009,"07",7,119812
"1295",2009,"08",8,69384
"1296",2009,"09",9,127906
"1297",2009,"10",10,35415
"1298",2009,"11",11,120759
"1299",2009,"12",12,79003
"1300",2009,"13",13,54577
"1301",2009,"14",14,160844
"1302",2009,"15",15,293005
"1303",2009,"16",16,92798
"1304",2009,"17",17,33402
"1305",2009,"18",18,23565
"1306",2009,"19",19,87895
"1307",2009,"20",20,79256
"1308",2009,"21",21,127419
"1309",2009,"22",22,37026
"1310",2009,"23",23,28473
"1311",2009,"24",24,54398
"1312",2009,"25",25,52984
"1313",2009,"26",26,51758
"1314",2009,"27",27,45369
"1315",2009,"28",28,64705
"1316",2009,"29",29,24571
"1317",2009,"30",30,148315
"1318",2009,"31",31,36435
"1319",2009,"32",32,33361
"1320",2009,"33",0,2270016
"1321",2010,"01",1,25477
"1322",2010,"02",2,62723
"1323",2010,"03",3,12365
"1324",2010,"04",4,16955
"1325",2010,"05",5,59001
"1326",2010,"06",6,12719
"1327",2010,"07",7,120930
"1328",2010,"08",8,69586
"1329",2010,"09",9,126853
"1330",2010,"10",10,35353
"1331",2010,"11",11,121337
"1332",2010,"12",12,78872
"1333",2010,"13",13,54458
"1334",2010,"14",14,161429
"1335",2010,"15",15,293511
"1336",2010,"16",16,92005
"1337",2010,"17",17,33316
"1338",2010,"18",18,23916
"1339",2010,"19",19,89110
"1340",2010,"20",20,78546
"1341",2010,"21",21,125557
"1342",2010,"22",22,37086
"1343",2010,"23",23,28672
"1344",2010,"24",24,53707
"1345",2010,"25",25,52841
"1346",2010,"26",26,52107
"1347",2010,"27",27,45237
"1348",2010,"28",28,64898
"1349",2010,"29",29,24423
"1350",2010,"30",30,147874
"1351",2010,"31",31,36027
"1352",2010,"32",32,33373
"1353",2010,"33",0,2270264
"1354",2011,"01",1,25450
"1355",2011,"02",2,62229
"1356",2011,"03",3,12590
"1357",2011,"04",4,17111
"1358",2011,"05",5,59586
"1359",2011,"06",6,12884
"1360",2011,"07",7,122607
"1361",2011,"08",8,69120
"1362",2011,"09",9,124734
"1363",2011,"10",10,35260
"1364",2011,"11",11,121054
"1365",2011,"12",12,78170
"1366",2011,"13",13,54477
"1367",2011,"14",14,159780
"1368",2011,"15",15,292632
"1369",2011,"16",16,92591
"1370",2011,"17",17,33586
"1371",2011,"18",18,23860
"1372",2011,"19",19,89603
"1373",2011,"20",20,78519
"1374",2011,"21",21,125588
"1375",2011,"22",22,37491
"1376",2011,"23",23,28884
"1377",2011,"24",24,53456
"1378",2011,"25",25,52878
"1379",2011,"26",26,51971
"1380",2011,"27",27,45731
"1381",2011,"28",28,65216
"1382",2011,"29",29,24547
"1383",2011,"30",30,148025
"1384",2011,"31",31,36088
"1385",2011,"32",32,33342
"1386",2011,"33",0,2269060
"1387",2012,"01",1,25444
"1388",2012,"02",2,61638
"1389",2012,"03",3,12828
"1390",2012,"04",4,17279
"1391",2012,"05",5,60127
"1392",2012,"06",6,13064
"1393",2012,"07",7,124397
"1394",2012,"08",8,68524
"1395",2012,"09",9,122013
"1396",2012,"10",10,35152
"1397",2012,"11",11,120662
"1398",2012,"12",12,77348
"1399",2012,"13",13,54443
"1400",2012,"14",14,157950
"1401",2012,"15",15,291422
"1402",2012,"16",16,93045
"1403",2012,"17",17,33846
"1404",2012,"18",18,23807
"1405",2012,"19",19,90140
"1406",2012,"20",20,78354
"1407",2012,"21",21,125525
"1408",2012,"22",22,37959
"1409",2012,"23",23,29166
"1410",2012,"24",24,53128
"1411",2012,"25",25,52886
"1412",2012,"26",26,51851
"1413",2012,"27",27,46185
"1414",2012,"28",28,65342
"1415",2012,"29",29,24672
"1416",2012,"30",30,147941
"1417",2012,"31",31,36143
"1418",2012,"32",32,33257
"1419",2012,"33",0,2265538
"1420",2013,"01",1,25384
"1421",2013,"02",2,60941
"1422",2013,"03",3,13058
"1423",2013,"04",4,17432
"1424",2013,"05",5,60605
"1425",2013,"06",6,13228
"1426",2013,"07",7,126040
"1427",2013,"08",8,67819
"1428",2013,"09",9,119122
"1429",2013,"10",10,34990
"1430",2013,"11",11,120074
"1431",2013,"12",12,76394
"1432",2013,"13",13,54332
"1433",2013,"14",14,155829
"1434",2013,"15",15,289770
"1435",2013,"16",16,93375
"1436",2013,"17",17,34059
"1437",2013,"18",18,23710
"1438",2013,"19",19,90538
"1439",2013,"20",20,78063
"1440",2013,"21",21,125264
"1441",2013,"22",22,38372
"1442",2013,"23",23,29402
"1443",2013,"24",24,52711
"1444",2013,"25",25,52811
"1445",2013,"26",26,51632
"1446",2013,"27",27,46583
"1447",2013,"28",28,65375
"1448",2013,"29",29,24761
"1449",2013,"30",30,147653
"1450",2013,"31",31,36141
"1451",2013,"32",32,33127
"1452",2013,"33",0,2258595
"1453",2014,"01",1,25315
"1454",2014,"02",2,60239
"1455",2014,"03",3,13294
"1456",2014,"04",4,17583
"1457",2014,"05",5,61100
"1458",2014,"06",6,13393
"1459",2014,"07",7,127720
"1460",2014,"08",8,67106
"1461",2014,"09",9,116248
"1462",2014,"10",10,34822
"1463",2014,"11",11,119466
"1464",2014,"12",12,75419
"1465",2014,"13",13,54223
"1466",2014,"14",14,153645
"1467",2014,"15",15,288105
"1468",2014,"16",16,93728
"1469",2014,"17",17,34278
"1470",2014,"18",18,23611
"1471",2014,"19",19,90932
"1472",2014,"20",20,77760
"1473",2014,"21",21,124981
"1474",2014,"22",22,38781
"1475",2014,"23",23,29622
"1476",2014,"24",24,52287
"1477",2014,"25",25,52736
"1478",2014,"26",26,51391
"1479",2014,"27",27,46998
"1480",2014,"28",28,65417
"1481",2014,"29",29,24850
"1482",2014,"30",30,147379
"1483",2014,"31",31,36141
"1484",2014,"32",32,33003
"1485",2014,"33",0,2251573
"1486",2015,"01",1,25165
"1487",2015,"02",2,59366
"1488",2015,"03",3,13498
"1489",2015,"04",4,17691
"1490",2015,"05",5,61446
"1491",2015,"06",6,13527
"1492",2015,"07",7,129091
"1493",2015,"08",8,66209
"1494",2015,"09",9,113080
"1495",2015,"10",10,34553
"1496",2015,"11",11,118516
"1497",2015,"12",12,74224
"1498",2015,"13",13,53974
"1499",2015,"14",14,150993
"1500",2015,"15",15,285652
"1501",2015,"16",16,93852
"1502",2015,"17",17,34408
"1503",2015,"18",18,23438
"1504",2015,"19",19,91069
"1505",2015,"20",20,77239
"1506",2015,"21",21,124344
"1507",2015,"22",22,39086
"1508",2015,"23",23,29752
"1509",2015,"24",24,51713
"1510",2015,"25",25,52520
"1511",2015,"26",26,50993
"1512",2015,"27",27,47292
"1513",2015,"28",28,65281
"1514",2015,"29",29,24865
"1515",2015,"30",30,146730
"1516",2015,"31",31,36038
"1517",2015,"32",32,32792
"1518",2015,"33",0,2238397
"1519",2016,"01",1,25012
"1520",2016,"02",2,58948
"1521",2016,"03",3,13676
"1522",2016,"04",4,17899
"1523",2016,"05",5,61641
"1524",2016,"06",6,13602
"1525",2016,"07",7,129723
"1526",2016,"08",8,65316
"1527",2016,"09",9,111596
"1528",2016,"10",10,34058
"1529",2016,"11",11,117171
"1530",2016,"12",12,72529
"1531",2016,"13",13,53642
"1532",2016,"14",14,148398
"1533",2016,"15",15,284030
"1534",2016,"16",16,93661
"1535",2016,"17",17,34425
"1536",2016,"18",18,23190
"1537",2016,"19",19,91186
"1538",2016,"20",20,76565
"1539",2016,"21",21,123451
"1540",2016,"22",22,39325
"1541",2016,"23",23,29958
"1542",2016,"24",24,51169
"1543",2016,"25",25,52132
"1544",2016,"26",26,50556
"1545",2016,"27",27,47415
"1546",2016,"28",28,64848
"1547",2016,"29",29,24777
"1548",2016,"30",30,145735
"1549",2016,"31",31,36007
"1550",2016,"32",32,32509
"1551",2016,"33",0,2224150
"1552",2017,"01",1,25063
"1553",2017,"02",2,58818
"1554",2017,"03",3,13716
"1555",2017,"04",4,17845
"1556",2017,"05",5,61248
"1557",2017,"06",6,13537
"1558",2017,"07",7,129330
"1559",2017,"08",8,64865
"1560",2017,"09",9,108978
"1561",2017,"10",10,33801
"1562",2017,"11",11,116079
"1563",2017,"12",12,71824
"1564",2017,"13",13,53228
"1565",2017,"14",14,147337
"1566",2017,"15",15,281192
"1567",2017,"16",16,92539
"1568",2017,"17",17,34159
"1569",2017,"18",18,23110
"1570",2017,"19",19,91020
"1571",2017,"20",20,75779
"1572",2017,"21",21,122502
"1573",2017,"22",22,39282
"1574",2017,"23",23,30045
"1575",2017,"24",24,50771
"1576",2017,"25",25,51747
"1577",2017,"26",26,50462
"1578",2017,"27",27,46847
"1579",2017,"28",28,64130
"1580",2017,"29",29,24573
"1581",2017,"30",30,143742
"1582",2017,"31",31,35775
"1583",2017,"32",32,32146
"1584",2017,"33",0,2205490
"1585",2018,"01",1,24802
"1586",2018,"02",2,58459
"1587",2018,"03",3,13868
"1588",2018,"04",4,17916
"1589",2018,"05",5,61415
"1590",2018,"06",6,13538
"1591",2018,"07",7,129717
"1592",2018,"08",8,64079
"1593",2018,"09",9,107200
"1594",2018,"10",10,33306
"1595",2018,"11",11,114469
"1596",2018,"12",12,70247
"1597",2018,"13",13,52861
"1598",2018,"14",14,144609
"1599",2018,"15",15,278579
"1600",2018,"16",16,92179
"1601",2018,"17",17,34042
"1602",2018,"18",18,22826
"1603",2018,"19",19,90925
"1604",2018,"20",20,75089
"1605",2018,"21",21,121395
"1606",2018,"22",22,39298
"1607",2018,"23",23,30007
"1608",2018,"24",24,50206
"1609",2018,"25",25,51319
"1610",2018,"26",26,50014
"1611",2018,"27",27,46785
"1612",2018,"28",28,63791
"1613",2018,"29",29,24380
"1614",2018,"30",30,142302
"1615",2018,"31",31,35652
"1616",2018,"32",32,31817
"1617",2018,"33",0,2187092
"1618",2019,"01",1,24782
"1619",2019,"02",2,58308
"1620",2019,"03",3,13897
"1621",2019,"04",4,17839
"1622",2019,"05",5,61032
"1623",2019,"06",6,13466
"1624",2019,"07",7,129255
"1625",2019,"08",8,63685
"1626",2019,"09",9,104798
"1627",2019,"10",10,33094
"1628",2019,"11",11,113379
"1629",2019,"12",12,69597
"1630",2019,"13",13,52502
"1631",2019,"14",14,143655
"1632",2019,"15",15,275685
"1633",2019,"16",16,91046
"1634",2019,"17",17,33775
"1635",2019,"18",18,22757
"1636",2019,"19",19,90816
"1637",2019,"20",20,74324
"1638",2019,"21",21,120470
"1639",2019,"22",22,39215
"1640",2019,"23",23,30049
"1641",2019,"24",24,49805
"1642",2019,"25",25,50995
"1643",2019,"26",26,50020
"1644",2019,"27",27,46218
"1645",2019,"28",28,63196
"1646",2019,"29",29,24189
"1647",2019,"30",30,140323
"1648",2019,"31",31,35403
"1649",2019,"32",32,31473
"1650",2019,"33",0,2169048
"1651",2020,"01",1,24522
"1652",2020,"02",2,57941
"1653",2020,"03",3,14037
"1654",2020,"04",4,17889
"1655",2020,"05",5,61197
"1656",2020,"06",6,13453
"1657",2020,"07",7,129600
"1658",2020,"08",8,62953
"1659",2020,"09",9,103185
"1660",2020,"10",10,32648
"1661",2020,"11",11,111790
"1662",2020,"12",12,68085
"1663",2020,"13",13,52181
"1664",2020,"14",14,141090
"1665",2020,"15",15,273039
"1666",2020,"16",16,90679
"1667",2020,"17",17,33648
"1668",2020,"18",18,22490
"1669",2020,"19",19,90782
"1670",2020,"20",20,73657
"1671",2020,"21",21,119388
"1672",2020,"22",22,39180
"1673",2020,"23",23,29985
"1674",2020,"24",24,49244
"1675",2020,"25",25,50606
"1676",2020,"26",26,49646
"1677",2020,"27",27,46155
"1678",2020,"28",28,62964
"1679",2020,"29",29,24010
"1680",2020,"30",30,138891
"1681",2020,"31",31,35255
"1682",2020,"32",32,31168
"1683",2020,"33",0,2151358
"1684",2021,"01",1,24502
"1685",2021,"02",2,57776
"1686",2021,"03",3,14058
"1687",2021,"04",4,17803
"1688",2021,"05",5,60795
"1689",2021,"06",6,13374
"1690",2021,"07",7,129117
"1691",2021,"08",8,62592
"1692",2021,"09",9,100941
"1693",2021,"10",10,32479
"1694",2021,"11",11,110717
"1695",2021,"12",12,67476
"1696",2021,"13",13,51868
"1697",2021,"14",14,140253
"1698",2021,"15",15,270150
"1699",2021,"16",16,89557
"1700",2021,"17",17,33368
"1701",2021,"18",18,22451
"1702",2021,"19",19,90706
"1703",2021,"20",20,72922
"1704",2021,"21",21,118476
"1705",2021,"22",22,39052
"1706",2021,"23",23,29999
"1707",2021,"24",24,48844
"1708",2021,"25",25,50302
"1709",2021,"26",26,49698
"1710",2021,"27",27,45604
"1711",2021,"28",28,62468
"1712",2021,"29",29,23827
"1713",2021,"30",30,136934
"1714",2021,"31",31,34990
"1715",2021,"32",32,30852
"1716",2021,"33",0,2133951
"1717",2022,"01",1,24244
"1718",2022,"02",2,57392
"1719",2022,"03",3,14187
"1720",2022,"04",4,17842
"1721",2022,"05",5,60942
"1722",2022,"06",6,13358
"1723",2022,"07",7,129461
"1724",2022,"08",8,61897
"1725",2022,"09",9,99419
"1726",2022,"10",10,32076
"1727",2022,"11",11,109147
"1728",2022,"12",12,66022
"1729",2022,"13",13,51591
"1730",2022,"14",14,137823
"1731",2022,"15",15,267503
"1732",2022,"16",16,89188
"1733",2022,"17",17,33228
"1734",2022,"18",18,22214
"1735",2022,"19",19,90683
"1736",2022,"20",20,72277
"1737",2022,"21",21,117410
"1738",2022,"22",22,38982
"1739",2022,"23",23,29911
"1740",2022,"24",24,48275
"1741",2022,"25",25,49916
"1742",2022,"26",26,49356
"1743",2022,"27",27,45547
"1744",2022,"28",28,62316
"1745",2022,"29",29,23650
"1746",2022,"30",30,135516
"1747",2022,"31",31,34828
"1748",2022,"32",32,30574
"1749",2022,"33",0,2116775
"1750",2023,"01",1,24219
"1751",2023,"02",2,57209
"1752",2023,"03",3,14195
"1753",2023,"04",4,17742
"1754",2023,"05",5,60538
"1755",2023,"06",6,13279
"1756",2023,"07",7,128996
"1757",2023,"08",8,61553
"1758",2023,"09",9,97263
"1759",2023,"10",10,31936
"1760",2023,"11",11,108097
"1761",2023,"12",12,65435
"1762",2023,"13",13,51312
"1763",2023,"14",14,137075
"1764",2023,"15",15,264611
"1765",2023,"16",16,88101
"1766",2023,"17",17,32941
"1767",2023,"18",18,22205
"1768",2023,"19",19,90602
"1769",2023,"20",20,71567
"1770",2023,"21",21,116504
"1771",2023,"22",22,38820
"1772",2023,"23",23,29903
"1773",2023,"24",24,47858
"1774",2023,"25",25,49609
"1775",2023,"26",26,49431
"1776",2023,"27",27,45016
"1777",2023,"28",28,61888
"1778",2023,"29",29,23472
"1779",2023,"30",30,133598
"1780",2023,"31",31,34544
"1781",2023,"32",32,30290
"1782",2023,"33",0,2099809
"1783",2024,"01",1,23951
"1784",2024,"02",2,56812
"1785",2024,"03",3,14312
"1786",2024,"04",4,17773
"1787",2024,"05",5,60668
"1788",2024,"06",6,13262
"1789",2024,"07",7,129366
"1790",2024,"08",8,60865
"1791",2024,"09",9,95785
"1792",2024,"10",10,31566
"1793",2024,"11",11,106560
"1794",2024,"12",12,64028
"1795",2024,"13",13,51060
"1796",2024,"14",14,134765
"1797",2024,"15",15,261953
"1798",2024,"16",16,87761
"1799",2024,"17",17,32794
"1800",2024,"18",18,22000
"1801",2024,"19",19,90555
"1802",2024,"20",20,70946
"1803",2024,"21",21,115432
"1804",2024,"22",22,38717
"1805",2024,"23",23,29797
"1806",2024,"24",24,47272
"1807",2024,"25",25,49210
"1808",2024,"26",26,49103
"1809",2024,"27",27,44991
"1810",2024,"28",28,61787
"1811",2024,"29",29,23298
"1812",2024,"30",30,132226
"1813",2024,"31",31,34356
"1814",2024,"32",32,30039
"1815",2024,"33",0,2083010
"1816",2025,"01",1,23916
"1817",2025,"02",2,56605
"1818",2025,"03",3,14309
"1819",2025,"04",4,17672
"1820",2025,"05",5,60251
"1821",2025,"06",6,13174
"1822",2025,"07",7,128939
"1823",2025,"08",8,60514
"1824",2025,"09",9,93678
"1825",2025,"10",10,31454
"1826",2025,"11",11,105530
"1827",2025,"12",12,63458
"1828",2025,"13",13,50804
"1829",2025,"14",14,134093
"1830",2025,"15",15,259050
"1831",2025,"16",16,86720
"1832",2025,"17",17,32497
"1833",2025,"18",18,22014
"1834",2025,"19",19,90447
"1835",2025,"20",20,70253
"1836",2025,"21",21,114530
"1837",2025,"22",22,38526
"1838",2025,"23",23,29773
"1839",2025,"24",24,46827
"1840",2025,"25",25,48881
"1841",2025,"26",26,49179
"1842",2025,"27",27,44490
"1843",2025,"28",28,61396
"1844",2025,"29",29,23122
"1845",2025,"30",30,130374
"1846",2025,"31",31,34066
"1847",2025,"32",32,29782
"1848",2025,"33",0,2066324
"1849",2026,"01",1,23642
"1850",2026,"02",2,56195
"1851",2026,"03",3,14413
"1852",2026,"04",4,17706
"1853",2026,"05",5,60374
"1854",2026,"06",6,13157
"1855",2026,"07",7,129357
"1856",2026,"08",8,59814
"1857",2026,"09",9,92204
"1858",2026,"10",10,31110
"1859",2026,"11",11,104040
"1860",2026,"12",12,62089
"1861",2026,"13",13,50568
"1862",2026,"14",14,131882
"1863",2026,"15",15,256357
"1864",2026,"16",16,86420
"1865",2026,"17",17,32340
"1866",2026,"18",18,21838
"1867",2026,"19",19,90360
"1868",2026,"20",20,69632
"1869",2026,"21",21,113454
"1870",2026,"22",22,38402
"1871",2026,"23",23,29650
"1872",2026,"24",24,46218
"1873",2026,"25",25,48465
"1874",2026,"26",26,48840
"1875",2026,"27",27,44496
"1876",2026,"28",28,61315
"1877",2026,"29",29,22949
"1878",2026,"30",30,129056
"1879",2026,"31",31,33867
"1880",2026,"32",32,29557
"1881",2026,"33",0,2049767
"1882",2027,"01",1,23589
"1883",2027,"02",2,55979
"1884",2027,"03",3,14398
"1885",2027,"04",4,17614
"1886",2027,"05",5,59964
"1887",2027,"06",6,13076
"1888",2027,"07",7,128988
"1889",2027,"08",8,59442
"1890",2027,"09",9,90121
"1891",2027,"10",10,31012
"1892",2027,"11",11,103051
"1893",2027,"12",12,61543
"1894",2027,"13",13,50317
"1895",2027,"14",14,131278
"1896",2027,"15",15,253444
"1897",2027,"16",16,85436
"1898",2027,"17",17,32044
"1899",2027,"18",18,21881
"1900",2027,"19",19,90217
"1901",2027,"20",20,68948
"1902",2027,"21",21,112537
"1903",2027,"22",22,38198
"1904",2027,"23",23,29623
"1905",2027,"24",24,45743
"1906",2027,"25",25,48115
"1907",2027,"26",26,48907
"1908",2027,"27",27,44038
"1909",2027,"28",28,60937
"1910",2027,"29",29,22768
"1911",2027,"30",30,127294
"1912",2027,"31",31,33562
"1913",2027,"32",32,29327
"1914",2027,"33",0,2033391
"1915",2028,"01",1,23303
"1916",2028,"02",2,55563
"1917",2028,"03",3,14491
"1918",2028,"04",4,17663
"1919",2028,"05",5,60109
"1920",2028,"06",6,13061
"1921",2028,"07",7,129460
"1922",2028,"08",8,58730
"1923",2028,"09",9,88641
"1924",2028,"10",10,30688
"1925",2028,"11",11,101627
"1926",2028,"12",12,60216
"1927",2028,"13",13,50083
"1928",2028,"14",14,129162
"1929",2028,"15",15,250734
"1930",2028,"16",16,85187
"1931",2028,"17",17,31891
"1932",2028,"18",18,21734
"1933",2028,"19",19,90094
"1934",2028,"20",20,68327
"1935",2028,"21",21,111466
"1936",2028,"22",22,38061
"1937",2028,"23",23,29509
"1938",2028,"24",24,45107
"1939",2028,"25",25,47683
"1940",2028,"26",26,48562
"1941",2028,"27",27,44075
"1942",2028,"28",28,60852
"1943",2028,"29",29,22595
"1944",2028,"30",30,126064
"1945",2028,"31",31,33369
"1946",2028,"32",32,29130
"1947",2028,"33",0,2017237
"1948",2029,"01",1,23235
"1949",2029,"02",2,55355
"1950",2029,"03",3,14471
"1951",2029,"04",4,17585
"1952",2029,"05",5,59734
"1953",2029,"06",6,12988
"1954",2029,"07",7,129155
"1955",2029,"08",8,58336
"1956",2029,"09",9,86560
"1957",2029,"10",10,30600
"1958",2029,"11",11,100713
"1959",2029,"12",12,59683
"1960",2029,"13",13,49837
"1961",2029,"14",14,128619
"1962",2029,"15",15,247843
"1963",2029,"16",16,84273
"1964",2029,"17",17,31604
"1965",2029,"18",18,21795
"1966",2029,"19",19,89922
"1967",2029,"20",20,67633
"1968",2029,"21",21,110556
"1969",2029,"22",22,37859
"1970",2029,"23",23,29484
"1971",2029,"24",24,44615
"1972",2029,"25",25,47319
"1973",2029,"26",26,48614
"1974",2029,"27",27,43656
"1975",2029,"28",28,60473
"1976",2029,"29",29,22422
"1977",2029,"30",30,124417
"1978",2029,"31",31,33069
"1979",2029,"32",32,28922
"1980",2029,"33",0,2001347
"1981",2030,"01",1,22937
"1982",2030,"02",2,54951
"1983",2030,"03",3,14559
"1984",2030,"04",4,17652
"1985",2030,"05",5,59920
"1986",2030,"06",6,12987
"1987",2030,"07",7,129684
"1988",2030,"08",8,57600
"1989",2030,"09",9,85065
"1990",2030,"10",10,30277
"1991",2030,"11",11,99378
"1992",2030,"12",12,58394
"1993",2030,"13",13,49600
"1994",2030,"14",14,126595
"1995",2030,"15",15,245172
"1996",2030,"16",16,84084
"1997",2030,"17",17,31460
"1998",2030,"18",18,21661
"1999",2030,"19",19,89771
"2000",2030,"20",20,66992
"2001",2030,"21",21,109488
"2002",2030,"22",22,37730
"2003",2030,"23",23,29377
"2004",2030,"24",24,43962
"2005",2030,"25",25,46878
"2006",2030,"26",26,48257
"2007",2030,"27",27,43727
"2008",2030,"28",28,60381
"2009",2030,"29",29,22252
"2010",2030,"30",30,123286
"2011",2030,"31",31,32885
"2012",2030,"32",32,28745
"2013",2030,"33",0,1985707
"2014",2031,"01",1,22862
"2015",2031,"02",2,54749
"2016",2031,"03",3,14537
"2017",2031,"04",4,17586
"2018",2031,"05",5,59619
"2019",2031,"06",6,12925
"2020",2031,"07",7,129407
"2021",2031,"08",8,57175
"2022",2031,"09",9,83014
"2023",2031,"10",10,30181
"2024",2031,"11",11,98549
"2025",2031,"12",12,57859
"2026",2031,"13",13,49346
"2027",2031,"14",14,126106
"2028",2031,"15",15,242352
"2029",2031,"16",16,83214
"2030",2031,"17",17,31196
"2031",2031,"18",18,21728
"2032",2031,"19",19,89557
"2033",2031,"20",20,66273
"2034",2031,"21",21,108580
"2035",2031,"22",22,37537
"2036",2031,"23",23,29373
"2037",2031,"24",24,43465
"2038",2031,"25",25,46503
"2039",2031,"26",26,48279
"2040",2031,"27",27,43343
"2041",2031,"28",28,59985
"2042",2031,"29",29,22083
"2043",2031,"30",30,121759
"2044",2031,"31",31,32599
"2045",2031,"32",32,28549
"2046",2031,"33",0,1970290
"2047",2032,"01",1,22551
"2048",2032,"02",2,54359
"2049",2032,"03",3,14627
"2050",2032,"04",4,17646
"2051",2032,"05",5,59891
"2052",2032,"06",6,12933
"2053",2032,"07",7,129915
"2054",2032,"08",8,56410
"2055",2032,"09",9,81546
"2056",2032,"10",10,29832
"2057",2032,"11",11,97301
"2058",2032,"12",12,56584
"2059",2032,"13",13,49110
"2060",2032,"14",14,124159
"2061",2032,"15",15,239803
"2062",2032,"16",16,83022
"2063",2032,"17",17,31083
"2064",2032,"18",18,21587
"2065",2032,"19",19,89359
"2066",2032,"20",20,65602
"2067",2032,"21",21,107506
"2068",2032,"22",22,37421
"2069",2032,"23",23,29278
"2070",2032,"24",24,42847
"2071",2032,"25",25,46052
"2072",2032,"26",26,47884
"2073",2032,"27",27,43424
"2074",2032,"28",28,59866
"2075",2032,"29",29,21924
"2076",2032,"30",30,120720
"2077",2032,"31",31,32422
"2078",2032,"32",32,28374
"2079",2032,"33",0,1955038
"2080",2033,"01",1,22461
"2081",2033,"02",2,54155
"2082",2033,"03",3,14599
"2083",2033,"04",4,17576
"2084",2033,"05",5,59651
"2085",2033,"06",6,12883
"2086",2033,"07",7,129589
"2087",2033,"08",8,55962
"2088",2033,"09",9,79570
"2089",2033,"10",10,29697
"2090",2033,"11",11,96530
"2091",2033,"12",12,56039
"2092",2033,"13",13,48857
"2093",2033,"14",14,123696
"2094",2033,"15",15,237138
"2095",2033,"16",16,82146
"2096",2033,"17",17,30852
"2097",2033,"18",18,21638
"2098",2033,"19",19,89100
"2099",2033,"20",20,64858
"2100",2033,"21",21,106595
"2101",2033,"22",22,37249
"2102",2033,"23",23,29281
"2103",2033,"24",24,42387
"2104",2033,"25",25,45672
"2105",2033,"26",26,47865
"2106",2033,"27",27,43038
"2107",2033,"28",28,59441
"2108",2033,"29",29,21757
"2109",2033,"30",30,119257
"2110",2033,"31",31,32155
"2111",2033,"32",32,28178
"2112",2033,"33",0,1939872
"2113",2034,"01",1,22148
"2114",2034,"02",2,53754
"2115",2034,"03",3,14682
"2116",2034,"04",4,17642
"2117",2034,"05",5,59959
"2118",2034,"06",6,12895
"2119",2034,"07",7,130048
"2120",2034,"08",8,55171
"2121",2034,"09",9,78165
"2122",2034,"10",10,29301
"2123",2034,"11",11,95330
"2124",2034,"12",12,54775
"2125",2034,"13",13,48614
"2126",2034,"14",14,121773
"2127",2034,"15",15,234719
"2128",2034,"16",16,81950
"2129",2034,"17",17,30760
"2130",2034,"18",18,21470
"2131",2034,"19",19,88849
"2132",2034,"20",20,64167
"2133",2034,"21",21,105507
"2134",2034,"22",22,37136
"2135",2034,"23",23,29193
"2136",2034,"24",24,41811
"2137",2034,"25",25,45217
"2138",2034,"26",26,47438
"2139",2034,"27",27,43120
"2140",2034,"28",28,59291
"2141",2034,"29",29,21605
"2142",2034,"30",30,118253
"2143",2034,"31",31,31985
"2144",2034,"32",32,27991
"2145",2034,"33",0,1924719
"2146",2035,"01",1,22046
"2147",2035,"02",2,53544
"2148",2035,"03",3,14644
"2149",2035,"04",4,17571
"2150",2035,"05",5,59738
"2151",2035,"06",6,12846
"2152",2035,"07",7,129671
"2153",2035,"08",8,54694
"2154",2035,"09",9,76281
"2155",2035,"10",10,29130
"2156",2035,"11",11,94584
"2157",2035,"12",12,54223
"2158",2035,"13",13,48353
"2159",2035,"14",14,121294
"2160",2035,"15",15,232154
"2161",2035,"16",16,81078
"2162",2035,"17",17,30543
"2163",2035,"18",18,21484
"2164",2035,"19",19,88545
"2165",2035,"20",20,63409
"2166",2035,"21",21,104576
"2167",2035,"22",22,36966
"2168",2035,"23",23,29190
"2169",2035,"24",24,41390
"2170",2035,"25",25,44834
"2171",2035,"26",26,47386
"2172",2035,"27",27,42727
"2173",2035,"28",28,58841
"2174",2035,"29",29,21446
"2175",2035,"30",30,116814
"2176",2035,"31",31,31735
"2177",2035,"32",32,27789
"2178",2035,"33",0,1909526
"2179",2036,"01",1,21730
"2180",2036,"02",2,53127
"2181",2036,"03",3,14716
"2182",2036,"04",4,17629
"2183",2036,"05",5,60054
"2184",2036,"06",6,12856
"2185",2036,"07",7,130066
"2186",2036,"08",8,53894
"2187",2036,"09",9,74950
"2188",2036,"10",10,28711
"2189",2036,"11",11,93407
"2190",2036,"12",12,52977
"2191",2036,"13",13,48084
"2192",2036,"14",14,119368
"2193",2036,"15",15,229788
"2194",2036,"16",16,80863
"2195",2036,"17",17,30463
"2196",2036,"18",18,21285
"2197",2036,"19",19,88259
"2198",2036,"20",20,62705
"2199",2036,"21",21,103476
"2200",2036,"22",22,36861
"2201",2036,"23",23,29090
"2202",2036,"24",24,40860
"2203",2036,"25",25,44379
"2204",2036,"26",26,46933
"2205",2036,"27",27,42788
"2206",2036,"28",28,58658
"2207",2036,"29",29,21294
"2208",2036,"30",30,115813
"2209",2036,"31",31,31575
"2210",2036,"32",32,27599
"2211",2036,"33",0,1894258
"2212",2037,"01",1,21626
"2213",2037,"02",2,52899
"2214",2037,"03",3,14667
"2215",2037,"04",4,17551
"2216",2037,"05",5,59834
"2217",2037,"06",6,12802
"2218",2037,"07",7,129626
"2219",2037,"08",8,53401
"2220",2037,"09",9,73172
"2221",2037,"10",10,28509
"2222",2037,"11",11,92668
"2223",2037,"12",12,52421
"2224",2037,"13",13,47803
"2225",2037,"14",14,118856
"2226",2037,"15",15,227263
"2227",2037,"16",16,79989
"2228",2037,"17",17,30252
"2229",2037,"18",18,21267
"2230",2037,"19",19,87915
"2231",2037,"20",20,61947
"2232",2037,"21",21,102533
"2233",2037,"22",22,36689
"2234",2037,"23",23,29074
"2235",2037,"24",24,40468
"2236",2037,"25",25,43999
"2237",2037,"26",26,46861
"2238",2037,"27",27,42385
"2239",2037,"28",28,58185
"2240",2037,"29",29,21134
"2241",2037,"30",30,114371
"2242",2037,"31",31,31326
"2243",2037,"32",32,27386
"2244",2037,"33",0,1878879
"2245",2038,"01",1,21310
"2246",2038,"02",2,52461
"2247",2038,"03",3,14726
"2248",2038,"04",4,17604
"2249",2038,"05",5,60130
"2250",2038,"06",6,12806
"2251",2038,"07",7,129960
"2252",2038,"08",8,52597
"2253",2038,"09",9,71920
"2254",2038,"10",10,28075
"2255",2038,"11",11,91495
"2256",2038,"12",12,51193
"2257",2038,"13",13,47520
"2258",2038,"14",14,116913
"2259",2038,"15",15,224899
"2260",2038,"16",16,79762
"2261",2038,"17",17,30169
"2262",2038,"18",18,21037
"2263",2038,"19",19,87597
"2264",2038,"20",20,61241
"2265",2038,"21",21,101434
"2266",2038,"22",22,36580
"2267",2038,"23",23,28955
"2268",2038,"24",24,39958
"2269",2038,"25",25,43549
"2270",2038,"26",26,46391
"2271",2038,"27",27,42431
"2272",2038,"28",28,57982
"2273",2038,"29",29,20979
"2274",2038,"30",30,113343
"2275",2038,"31",31,31171
"2276",2038,"32",32,27180
"2277",2038,"33",0,1863368
"2278",2039,"01",1,21205
"2279",2039,"02",2,52216
"2280",2039,"03",3,14662
"2281",2039,"04",4,17523
"2282",2039,"05",5,59883
"2283",2039,"06",6,12743
"2284",2039,"07",7,129466
"2285",2039,"08",8,52097
"2286",2039,"09",9,70243
"2287",2039,"10",10,27855
"2288",2039,"11",11,90741
"2289",2039,"12",12,50643
"2290",2039,"13",13,47215
"2291",2039,"14",14,116347
"2292",2039,"15",15,222360
"2293",2039,"16",16,78867
"2294",2039,"17",17,29959
"2295",2039,"18",18,20998
"2296",2039,"19",19,87237
"2297",2039,"20",20,60490
"2298",2039,"21",21,100481
"2299",2039,"22",22,36401
"2300",2039,"23",23,28916
"2301",2039,"24",24,39591
"2302",2039,"25",25,43180
"2303",2039,"26",26,46303
"2304",2039,"27",27,42014
"2305",2039,"28",28,57492
"2306",2039,"29",29,20820
"2307",2039,"30",30,111889
"2308",2039,"31",31,30924
"2309",2039,"32",32,26955
"2310",2039,"33",0,1847716
"2311",2040,"01",1,20886
"2312",2040,"02",2,51763
"2313",2040,"03",3,14705
"2314",2040,"04",4,17564
"2315",2040,"05",5,60150
"2316",2040,"06",6,12737
"2317",2040,"07",7,129751
"2318",2040,"08",8,51304
"2319",2040,"09",9,69067
"2320",2040,"10",10,27416
"2321",2040,"11",11,89553
"2322",2040,"12",12,49446
"2323",2040,"13",13,46913
"2324",2040,"14",14,114382
"2325",2040,"15",15,219970
"2326",2040,"16",16,78615
"2327",2040,"17",17,29867
"2328",2040,"18",18,20749
"2329",2040,"19",19,86898
"2330",2040,"20",20,59797
"2331",2040,"21",21,99376
"2332",2040,"22",22,36282
"2333",2040,"23",23,28773
"2334",2040,"24",24,39092
"2335",2040,"25",25,42734
"2336",2040,"26",26,45826
"2337",2040,"27",27,42039
"2338",2040,"28",28,57273
"2339",2040,"29",29,20664
"2340",2040,"30",30,110826
"2341",2040,"31",31,30769
"2342",2040,"32",32,26740
"2343",2040,"33",0,1831927
"2344",2041,"01",1,20782
"2345",2041,"02",2,51497
"2346",2041,"03",3,14631
"2347",2041,"04",4,17471
"2348",2041,"05",5,59874
"2349",2041,"06",6,12671
"2350",2041,"07",7,129212
"2351",2041,"08",8,50812
"2352",2041,"09",9,67471
"2353",2041,"10",10,27203
"2354",2041,"11",11,88778
"2355",2041,"12",12,48905
"2356",2041,"13",13,46599
"2357",2041,"14",14,113773
"2358",2041,"15",15,217400
"2359",2041,"16",16,77716
"2360",2041,"17",17,29642
"2361",2041,"18",18,20690
"2362",2041,"19",19,86517
"2363",2041,"20",20,59056
"2364",2041,"21",21,98428
"2365",2041,"22",22,36089
"2366",2041,"23",23,28710
"2367",2041,"24",24,38725
"2368",2041,"25",25,42372
"2369",2041,"26",26,45734
"2370",2041,"27",27,41609
"2371",2041,"28",28,56777
"2372",2041,"29",29,20500
"2373",2041,"30",30,109344
"2374",2041,"31",31,30526
"2375",2041,"32",32,26504
"2376",2041,"33",0,1816018
"2377",2042,"01",1,20473
"2378",2042,"02",2,51022
"2379",2042,"03",3,14665
"2380",2042,"04",4,17500
"2381",2042,"05",5,60110
"2382",2042,"06",6,12656
"2383",2042,"07",7,129455
"2384",2042,"08",8,50028
"2385",2042,"09",9,66353
"2386",2042,"10",10,26771
"2387",2042,"11",11,87578
"2388",2042,"12",12,47744
"2389",2042,"13",13,46282
"2390",2042,"14",14,111799
"2391",2042,"15",15,214964
"2392",2042,"16",16,77445
"2393",2042,"17",17,29531
"2394",2042,"18",18,20438
"2395",2042,"19",19,86165
"2396",2042,"20",20,58376
"2397",2042,"21",21,97323
"2398",2042,"22",22,35958
"2399",2042,"23",23,28546
"2400",2042,"24",24,38230
"2401",2042,"25",25,41938
"2402",2042,"26",26,45255
"2403",2042,"27",27,41619
"2404",2042,"28",28,56551
"2405",2042,"29",29,20338
"2406",2042,"30",30,108251
"2407",2042,"31",31,30369
"2408",2042,"32",32,26279
"2409",2042,"33",0,1800012
"2410",2043,"01",1,20366
"2411",2043,"02",2,50742
"2412",2043,"03",3,14581
"2413",2043,"04",4,17397
"2414",2043,"05",5,59795
"2415",2043,"06",6,12579
"2416",2043,"07",7,128891
"2417",2043,"08",8,49548
"2418",2043,"09",9,64828
"2419",2043,"10",10,26565
"2420",2043,"11",11,86782
"2421",2043,"12",12,47214
"2422",2043,"13",13,45952
"2423",2043,"14",14,111159
"2424",2043,"15",15,212360
"2425",2043,"16",16,76540
"2426",2043,"17",17,29294
"2427",2043,"18",18,20372
"2428",2043,"19",19,85773
"2429",2043,"20",20,57659
"2430",2043,"21",21,96383
"2431",2043,"22",22,35753
"2432",2043,"23",23,28458
"2433",2043,"24",24,37862
"2434",2043,"25",25,41583
"2435",2043,"26",26,45162
"2436",2043,"27",27,41185
"2437",2043,"28",28,56062
"2438",2043,"29",29,20172
"2439",2043,"30",30,106750
"2440",2043,"31",31,30121
"2441",2043,"32",32,26034
"2442",2043,"33",0,1783922
"2443",2044,"01",1,20053
"2444",2044,"02",2,50261
"2445",2044,"03",3,14605
"2446",2044,"04",4,17417
"2447",2044,"05",5,59996
"2448",2044,"06",6,12561
"2449",2044,"07",7,129100
"2450",2044,"08",8,48786
"2451",2044,"09",9,63758
"2452",2044,"10",10,26139
"2453",2044,"11",11,85559
"2454",2044,"12",12,46090
"2455",2044,"13",13,45624
"2456",2044,"14",14,109177
"2457",2044,"15",15,209888
"2458",2044,"16",16,76247
"2459",2044,"17",17,29175
"2460",2044,"18",18,20115
"2461",2044,"19",19,85413
"2462",2044,"20",20,57004
"2463",2044,"21",21,95291
"2464",2044,"22",22,35604
"2465",2044,"23",23,28278
"2466",2044,"24",24,37362
"2467",2044,"25",25,41163
"2468",2044,"26",26,44692
"2469",2044,"27",27,41183
"2470",2044,"28",28,55845
"2471",2044,"29",29,20005
"2472",2044,"30",30,105628
"2473",2044,"31",31,29963
"2474",2044,"32",32,25801
"2475",2044,"33",0,1767783
"2476",2045,"01",1,19953
"2477",2045,"02",2,49968
"2478",2045,"03",3,14515
"2479",2045,"04",4,17304
"2480",2045,"05",5,59658
"2481",2045,"06",6,12475
"2482",2045,"07",7,128513
"2483",2045,"08",8,48314
"2484",2045,"09",9,62301
"2485",2045,"10",10,25941
"2486",2045,"11",11,84737
"2487",2045,"12",12,45577
"2488",2045,"13",13,45294
"2489",2045,"14",14,108511
"2490",2045,"15",15,207267
"2491",2045,"16",16,75345
"2492",2045,"17",17,28925
"2493",2045,"18",18,20049
"2494",2045,"19",19,85017
"2495",2045,"20",20,56312
"2496",2045,"21",21,94359
"2497",2045,"22",22,35383
"2498",2045,"23",23,28172
"2499",2045,"24",24,36996
"2500",2045,"25",25,40816
"2501",2045,"26",26,44600
"2502",2045,"27",27,40739
"2503",2045,"28",28,55363
"2504",2045,"29",29,19835
"2505",2045,"30",30,104113
"2506",2045,"31",31,29714
"2507",2045,"32",32,25550
"2508",2045,"33",0,1751616
"2509",2046,"01",1,19646
"2510",2046,"02",2,49475
"2511",2046,"03",3,14528
"2512",2046,"04",4,17314
"2513",2046,"05",5,59839
"2514",2046,"06",6,12444
"2515",2046,"07",7,128704
"2516",2046,"08",8,47567
"2517",2046,"09",9,61274
"2518",2046,"10",10,25536
"2519",2046,"11",11,83505
"2520",2046,"12",12,44486
"2521",2046,"13",13,44966
"2522",2046,"14",14,106551
"2523",2046,"15",15,204781
"2524",2046,"16",16,75048
"2525",2046,"17",17,28794
"2526",2046,"18",18,19796
"2527",2046,"19",19,84644
"2528",2046,"20",20,55677
"2529",2046,"21",21,93277
"2530",2046,"22",22,35220
"2531",2046,"23",23,27971
"2532",2046,"24",24,36496
"2533",2046,"25",25,40401
"2534",2046,"26",26,44135
"2535",2046,"27",27,40729
"2536",2046,"28",28,55150
"2537",2046,"29",29,19665
"2538",2046,"30",30,102974
"2539",2046,"31",31,29549
"2540",2046,"32",32,25309
"2541",2046,"33",0,1735451
"2542",2047,"01",1,19540
"2543",2047,"02",2,49166
"2544",2047,"03",3,14423
"2545",2047,"04",4,17201
"2546",2047,"05",5,59474
"2547",2047,"06",6,12354
"2548",2047,"07",7,128105
"2549",2047,"08",8,47111
"2550",2047,"09",9,59880
"2551",2047,"10",10,25338
"2552",2047,"11",11,82662
"2553",2047,"12",12,43987
"2554",2047,"13",13,44628
"2555",2047,"14",14,105872
"2556",2047,"15",15,202157
"2557",2047,"16",16,74149
"2558",2047,"17",17,28540
"2559",2047,"18",18,19735
"2560",2047,"19",19,84247
"2561",2047,"20",20,55005
"2562",2047,"21",21,92356
"2563",2047,"22",22,34983
"2564",2047,"23",23,27856
"2565",2047,"24",24,36132
"2566",2047,"25",25,40060
"2567",2047,"26",26,44048
"2568",2047,"27",27,40292
"2569",2047,"28",28,54691
"2570",2047,"29",29,19496
"2571",2047,"30",30,101465
"2572",2047,"31",31,29300
"2573",2047,"32",32,25062
"2574",2047,"33",0,1719315
"2575",2048,"01",1,19240
"2576",2048,"02",2,48667
"2577",2048,"03",3,14431
"2578",2048,"04",4,17205
"2579",2048,"05",5,59625
"2580",2048,"06",6,12317
"2581",2048,"07",7,128292
"2582",2048,"08",8,46386
"2583",2048,"09",9,58898
"2584",2048,"10",10,24950
"2585",2048,"11",11,81418
"2586",2048,"12",12,42930
"2587",2048,"13",13,44301
"2588",2048,"14",14,103929
"2589",2048,"15",15,199669
"2590",2048,"16",16,73846
"2591",2048,"17",17,28398
"2592",2048,"18",18,19485
"2593",2048,"19",19,83862
"2594",2048,"20",20,54389
"2595",2048,"21",21,91288
"2596",2048,"22",22,34802
"2597",2048,"23",23,27640
"2598",2048,"24",24,35640
"2599",2048,"25",25,39656
"2600",2048,"26",26,43601
"2601",2048,"27",27,40278
"2602",2048,"28",28,54492
"2603",2048,"29",29,19328
"2604",2048,"30",30,100318
"2605",2048,"31",31,29128
"2606",2048,"32",32,24823
"2607",2048,"33",0,1703232
"2608",2049,"01",1,19136
"2609",2049,"02",2,48352
"2610",2049,"03",3,14323
"2611",2049,"04",4,17085
"2612",2049,"05",5,59245
"2613",2049,"06",6,12224
"2614",2049,"07",7,127689
"2615",2049,"08",8,45941
"2616",2049,"09",9,57562
"2617",2049,"10",10,24765
"2618",2049,"11",11,80566
"2619",2049,"12",12,42449
"2620",2049,"13",13,43964
"2621",2049,"14",14,103250
"2622",2049,"15",15,197062
"2623",2049,"16",16,72959
"2624",2049,"17",17,28138
"2625",2049,"18",18,19426
"2626",2049,"19",19,83457
"2627",2049,"20",20,53748
"2628",2049,"21",21,90383
"2629",2049,"22",22,34554
"2630",2049,"23",23,27510
"2631",2049,"24",24,35271
"2632",2049,"25",25,39328
"2633",2049,"26",26,43517
"2634",2049,"27",27,39847
"2635",2049,"28",28,54046
"2636",2049,"29",29,19152
"2637",2049,"30",30,98824
"2638",2049,"31",31,28872
"2639",2049,"32",32,24579
"2640",2049,"33",0,1687224
"2641",2050,"01",1,18838
"2642",2050,"02",2,47847
"2643",2050,"03",3,14322
"2644",2050,"04",4,17087
"2645",2050,"05",5,59376
"2646",2050,"06",6,12184
"2647",2050,"07",7,127869
"2648",2050,"08",8,45236
"2649",2050,"09",9,56625
"2650",2050,"10",10,24385
"2651",2050,"11",11,79326
"2652",2050,"12",12,41432
"2653",2050,"13",13,43635
"2654",2050,"14",14,101337
"2655",2050,"15",15,194588
"2656",2050,"16",16,72664
"2657",2050,"17",17,27990
"2658",2050,"18",18,19182
"2659",2050,"19",19,83067
"2660",2050,"20",20,53158
"2661",2050,"21",21,89332
"2662",2050,"22",22,34360
"2663",2050,"23",23,27282
"2664",2050,"24",24,34781
"2665",2050,"25",25,38928
"2666",2050,"26",26,43082
"2667",2050,"27",27,39837
"2668",2050,"28",28,53863
"2669",2050,"29",29,18978
"2670",2050,"30",30,97692
"2671",2050,"31",31,28701
"2672",2050,"32",32,24343
"2673",2050,"33",0,1671327
