"","year","state","CVE_GEO","population"
"1",1970,"Aguascalientes",1,349169
"2",1970,"Baja California",2,893845
"3",1970,"Baja California Sur",3,131309
"4",1970,"Campeche",4,262217
"5",1970,"Chiapas",7,1653388
"6",1970,"Chihuahua",8,1660938
"7",1970,"Coahuila",5,1151243
"8",1970,"Colima",6,248754
"9",1970,"Durango",10,970439
"10",1970,"Guanajuato",11,2353850
"11",1970,"Guerrero",12,1678152
"12",1970,"Hidalgo",13,1244602
"13",1970,"Jalisco",14,3411628
"14",1970,"Mexico City",9,7107118
"15",1970,"Michoacan",16,2424175
"16",1970,"Morelos",17,637366
"17",1970,"National",0,50004364
"18",1970,"Nayarit",18,562001
"19",1970,"Nuevo Leon",19,1737792
"20",1970,"Oaxaca",20,2126383
"21",1970,"Puebla",21,2627593
"22",1970,"Queretaro",22,503235
"23",1970,"Quintana Roo",23,90319
"24",1970,"San Luis Potosi",24,1332736
"25",1970,"Sinaloa",25,1300943
"26",1970,"Sonora",26,1133817
"27",1970,"State of Mexico",15,3944919
"28",1970,"Tabasco",27,795667
"29",1970,"Tamaulipas",28,1500504
"30",1970,"Tlaxcala",29,435765
"31",1970,"Veracruz",30,3958893
"32",1970,"Yucatan",31,793797
"33",1970,"Zacatecas",32,981807
"34",1971,"Aguascalientes",1,363714
"35",1971,"Baja California",2,919319
"36",1971,"Baja California Sur",3,138031
"37",1971,"Campeche",4,275659
"38",1971,"Chiapas",7,1697161
"39",1971,"Chihuahua",8,1696115
"40",1971,"Coahuila",5,1187485
"41",1971,"Colima",6,257442
"42",1971,"Durango",10,992265
"43",1971,"Guanajuato",11,2416825
"44",1971,"Guerrero",12,1722537
"45",1971,"Hidalgo",13,1274839
"46",1971,"Jalisco",14,3504344
"47",1971,"Mexico City",9,7271381
"48",1971,"Michoacan",16,2474205
"49",1971,"Morelos",17,663791
"50",1971,"National",0,51549944
"51",1971,"Nayarit",18,577568
"52",1971,"Nuevo Leon",19,1802917
"53",1971,"Oaxaca",20,2159926
"54",1971,"Puebla",21,2699192
"55",1971,"Queretaro",22,523764
"56",1971,"Quintana Roo",23,100625
"57",1971,"San Luis Potosi",24,1366575
"58",1971,"Sinaloa",25,1348458
"59",1971,"Sonora",26,1167848
"60",1971,"State of Mexico",15,4233877
"61",1971,"Tabasco",27,820228
"62",1971,"Tamaulipas",28,1539837
"63",1971,"Tlaxcala",29,447378
"64",1971,"Veracruz",30,4088413
"65",1971,"Yucatan",31,818638
"66",1971,"Zacatecas",32,999587
"67",1972,"Aguascalientes",1,378930
"68",1972,"Baja California",2,945758
"69",1972,"Baja California Sur",3,145123
"70",1972,"Campeche",4,289747
"71",1972,"Chiapas",7,1742431
"72",1972,"Chihuahua",8,1732316
"73",1972,"Coahuila",5,1225127
"74",1972,"Colima",6,266508
"75",1972,"Durango",10,1014751
"76",1972,"Guanajuato",11,2481961
"77",1972,"Guerrero",12,1768402
"78",1972,"Hidalgo",13,1306039
"79",1972,"Jalisco",14,3600217
"80",1972,"Mexico City",9,7440903
"81",1972,"Michoacan",16,2525529
"82",1972,"Morelos",17,691405
"83",1972,"National",0,53155294
"84",1972,"Nayarit",18,593697
"85",1972,"Nuevo Leon",19,1870943
"86",1972,"Oaxaca",20,2193984
"87",1972,"Puebla",21,2773256
"88",1972,"Queretaro",22,545146
"89",1972,"Quintana Roo",23,111561
"90",1972,"San Luis Potosi",24,1401524
"91",1972,"Sinaloa",25,1397942
"92",1972,"Sonora",26,1203198
"93",1972,"State of Mexico",15,4537969
"94",1972,"Tabasco",27,845762
"95",1972,"Tamaulipas",28,1580545
"96",1972,"Tlaxcala",29,459353
"97",1972,"Veracruz",30,4223085
"98",1972,"Yucatan",31,844479
"99",1972,"Zacatecas",32,1017703
"100",1973,"Aguascalientes",1,394557
"101",1973,"Baja California",2,972626
"102",1973,"Baja California Sur",3,152469
"103",1973,"Campeche",4,304298
"104",1973,"Chiapas",7,1788095
"105",1973,"Chihuahua",8,1768455
"106",1973,"Coahuila",5,1263524
"107",1973,"Colima",6,275759
"108",1973,"Durango",10,1037222
"109",1973,"Guanajuato",11,2547714
"110",1973,"Guerrero",12,1814689
"111",1973,"Hidalgo",13,1337356
"112",1973,"Jalisco",14,3697168
"113",1973,"Mexico City",9,7611633
"114",1973,"Michoacan",16,2576522
"115",1973,"Morelos",17,719823
"116",1973,"National",0,54789308
"117",1973,"Nayarit",18,610000
"118",1973,"Nuevo Leon",19,1940768
"119",1973,"Oaxaca",20,2227194
"120",1973,"Puebla",21,2848094
"121",1973,"Queretaro",22,567147
"122",1973,"Quintana Roo",23,122982
"123",1973,"San Luis Potosi",24,1436714
"124",1973,"Sinaloa",25,1448644
"125",1973,"Sonora",26,1239161
"126",1973,"State of Mexico",15,4854995
"127",1973,"Tabasco",27,871686
"128",1973,"Tamaulipas",28,1621710
"129",1973,"Tlaxcala",29,471478
"130",1973,"Veracruz",30,4360529
"131",1973,"Yucatan",31,870769
"132",1973,"Zacatecas",32,1035527
"133",1974,"Aguascalientes",1,410605
"134",1974,"Baja California",2,999819
"135",1974,"Baja California Sur",3,160045
"136",1974,"Campeche",4,319341
"137",1974,"Chiapas",7,1833975
"138",1974,"Chihuahua",8,1804463
"139",1974,"Coahuila",5,1302516
"140",1974,"Colima",6,285206
"141",1974,"Durango",10,1059595
"142",1974,"Guanajuato",11,2613895
"143",1974,"Guerrero",12,1861145
"144",1974,"Hidalgo",13,1368681
"145",1974,"Jalisco",14,3794832
"146",1974,"Mexico City",9,7782839
"147",1974,"Michoacan",16,2626931
"148",1974,"Morelos",17,748988
"149",1974,"National",0,56447379
"150",1974,"Nayarit",18,626433
"151",1974,"Nuevo Leon",19,2012351
"152",1974,"Oaxaca",20,2259269
"153",1974,"Puebla",21,2923485
"154",1974,"Queretaro",22,589677
"155",1974,"Quintana Roo",23,134928
"156",1974,"San Luis Potosi",24,1471999
"157",1974,"Sinaloa",25,1500399
"158",1974,"Sonora",26,1275619
"159",1974,"State of Mexico",15,5184833
"160",1974,"Tabasco",27,897927
"161",1974,"Tamaulipas",28,1663228
"162",1974,"Tlaxcala",29,483666
"163",1974,"Veracruz",30,4500299
"164",1974,"Yucatan",31,897492
"165",1974,"Zacatecas",32,1052898
"166",1975,"Aguascalientes",1,427082
"167",1975,"Baja California",2,1027493
"168",1975,"Baja California Sur",3,167888
"169",1975,"Campeche",4,334863
"170",1975,"Chiapas",7,1880147
"171",1975,"Chihuahua",8,1840482
"172",1975,"Coahuila",5,1342339
"173",1975,"Colima",6,294853
"174",1975,"Durango",10,1081973
"175",1975,"Guanajuato",11,2680771
"176",1975,"Guerrero",12,1907976
"177",1975,"Hidalgo",13,1400181
"178",1975,"Jalisco",14,3893674
"179",1975,"Mexico City",9,7955976
"180",1975,"Michoacan",16,2677042
"181",1975,"Morelos",17,779010
"182",1975,"National",0,58137006
"183",1975,"Nayarit",18,643078
"184",1975,"Nuevo Leon",19,2085965
"185",1975,"Oaxaca",20,2290454
"186",1975,"Puebla",21,2999715
"187",1975,"Queretaro",22,612803
"188",1975,"Quintana Roo",23,147442
"189",1975,"San Luis Potosi",24,1507569
"190",1975,"Sinaloa",25,1553437
"191",1975,"Sonora",26,1312759
"192",1975,"State of Mexico",15,5528298
"193",1975,"Tabasco",27,924549
"194",1975,"Tamaulipas",28,1705344
"195",1975,"Tlaxcala",29,495988
"196",1975,"Veracruz",30,4643092
"197",1975,"Yucatan",31,924766
"198",1975,"Zacatecas",32,1069997
"199",1976,"Aguascalientes",1,443929
"200",1976,"Baja California",2,1055496
"201",1976,"Baja California Sur",3,175980
"202",1976,"Campeche",4,350841
"203",1976,"Chiapas",7,1926342
"204",1976,"Chihuahua",8,1876200
"205",1976,"Coahuila",5,1382702
"206",1976,"Colima",6,304678
"207",1976,"Durango",10,1104123
"208",1976,"Guanajuato",11,2747768
"209",1976,"Guerrero",12,1954758
"210",1976,"Hidalgo",13,1431517
"211",1976,"Jalisco",14,3992791
"212",1976,"Mexico City",9,8129180
"213",1976,"Michoacan",16,2726204
"214",1976,"Morelos",17,809800
"215",1976,"National",0,59846217
"216",1976,"Nayarit",18,659783
"217",1976,"Nuevo Leon",19,2161267
"218",1976,"Oaxaca",20,2320176
"219",1976,"Puebla",21,3076095
"220",1976,"Queretaro",22,636403
"221",1976,"Quintana Roo",23,160487
"222",1976,"San Luis Potosi",24,1543056
"223",1976,"Sinaloa",25,1607424
"224",1976,"Sonora",26,1350325
"225",1976,"State of Mexico",15,5884534
"226",1976,"Tabasco",27,951418
"227",1976,"Tamaulipas",28,1747677
"228",1976,"Tlaxcala",29,508344
"229",1976,"Veracruz",30,4787955
"230",1976,"Yucatan",31,952440
"231",1976,"Zacatecas",32,1086524
"232",1977,"Aguascalientes",1,461031
"233",1977,"Baja California",2,1083518
"234",1977,"Baja California Sur",3,184282
"235",1977,"Campeche",4,367143
"236",1977,"Chiapas",7,1971816
"237",1977,"Chihuahua",8,1911037
"238",1977,"Coahuila",5,1423164
"239",1977,"Colima",6,314573
"240",1977,"Durango",10,1125710
"241",1977,"Guanajuato",11,2813930
"242",1977,"Guerrero",12,2000817
"243",1977,"Hidalgo",13,1462203
"244",1977,"Jalisco",14,4090914
"245",1977,"Mexico City",9,8300336
"246",1977,"Michoacan",16,2773498
"247",1977,"Morelos",17,841073
"248",1977,"National",0,61556144
"249",1977,"Nayarit",18,676321
"250",1977,"Nuevo Leon",19,2237593
"251",1977,"Oaxaca",20,2347644
"252",1977,"Puebla",21,3151541
"253",1977,"Queretaro",22,660249
"254",1977,"Quintana Roo",23,174014
"255",1977,"San Luis Potosi",24,1577929
"256",1977,"Sinaloa",25,1661893
"257",1977,"Sonora",26,1387933
"258",1977,"State of Mexico",15,6251901
"259",1977,"Tabasco",27,978210
"260",1977,"Tamaulipas",28,1789724
"261",1977,"Tlaxcala",29,520557
"262",1977,"Veracruz",30,4933380
"263",1977,"Yucatan",31,980145
"264",1977,"Zacatecas",32,1102065
"265",1978,"Aguascalientes",1,478356
"266",1978,"Baja California",2,1111635
"267",1978,"Baja California Sur",3,192760
"268",1978,"Campeche",4,383772
"269",1978,"Chiapas",7,2016682
"270",1978,"Chihuahua",8,1945051
"271",1978,"Coahuila",5,1463793
"272",1978,"Colima",6,324533
"273",1978,"Durango",10,1146694
"274",1978,"Guanajuato",11,2879415
"275",1978,"Guerrero",12,2046217
"276",1978,"Hidalgo",13,1492326
"277",1978,"Jalisco",14,4188238
"278",1978,"Mexico City",9,8469848
"279",1978,"Michoacan",16,2819085
"280",1978,"Morelos",17,872911
"281",1978,"National",0,63269599
"282",1978,"Nayarit",18,692716
"283",1978,"Nuevo Leon",19,2315041
"284",1978,"Oaxaca",20,2373029
"285",1978,"Puebla",21,3226229
"286",1978,"Queretaro",22,684400
"287",1978,"Quintana Roo",23,188048
"288",1978,"San Luis Potosi",24,1612260
"289",1978,"Sinaloa",25,1716855
"290",1978,"Sonora",26,1425617
"291",1978,"State of Mexico",15,6630621
"292",1978,"Tabasco",27,1004945
"293",1978,"Tamaulipas",28,1831569
"294",1978,"Tlaxcala",29,532614
"295",1978,"Veracruz",30,5079638
"296",1978,"Yucatan",31,1007978
"297",1978,"Zacatecas",32,1116723
"298",1979,"Aguascalientes",1,495940
"299",1979,"Baja California",2,1139895
"300",1979,"Baja California Sur",3,201441
"301",1979,"Campeche",4,400771
"302",1979,"Chiapas",7,2061045
"303",1979,"Chihuahua",8,1978366
"304",1979,"Coahuila",5,1504658
"305",1979,"Colima",6,334600
"306",1979,"Durango",10,1167135
"307",1979,"Guanajuato",11,2944326
"308",1979,"Guerrero",12,2091135
"309",1979,"Hidalgo",13,1521968
"310",1979,"Jalisco",14,4284994
"311",1979,"Mexico City",9,8638157
"312",1979,"Michoacan",16,2863080
"313",1979,"Morelos",17,905267
"314",1979,"National",0,64989707
"315",1979,"Nayarit",18,708996
"316",1979,"Nuevo Leon",19,2393727
"317",1979,"Oaxaca",20,2396421
"318",1979,"Puebla",21,3300274
"319",1979,"Queretaro",22,708844
"320",1979,"Quintana Roo",23,202605
"321",1979,"San Luis Potosi",24,1646141
"322",1979,"Sinaloa",25,1772407
"323",1979,"Sonora",26,1463464
"324",1979,"State of Mexico",15,7020994
"325",1979,"Tabasco",27,1031641
"326",1979,"Tamaulipas",28,1873313
"327",1979,"Tlaxcala",29,544583
"328",1979,"Veracruz",30,5227001
"329",1979,"Yucatan",31,1035990
"330",1979,"Zacatecas",32,1130528
"331",1980,"Aguascalientes",1,513712
"332",1980,"Baja California",2,1168135
"333",1980,"Baja California Sur",3,210326
"334",1980,"Campeche",4,418055
"335",1980,"Chiapas",7,2104632
"336",1980,"Chihuahua",8,2010669
"337",1980,"Coahuila",5,1545492
"338",1980,"Colima",6,344675
"339",1980,"Durango",10,1186880
"340",1980,"Guanajuato",11,3008206
"341",1980,"Guerrero",12,2135195
"342",1980,"Hidalgo",13,1550831
"343",1980,"Jalisco",14,4380529
"344",1980,"Mexico City",9,8803992
"345",1980,"Michoacan",16,2905010
"346",1980,"Morelos",17,938063
"347",1980,"National",0,66706088
"348",1980,"Nayarit",18,725028
"349",1980,"Nuevo Leon",19,2473203
"350",1980,"Oaxaca",20,2417421
"351",1980,"Puebla",21,3373178
"352",1980,"Queretaro",22,733477
"353",1980,"Quintana Roo",23,217601
"354",1980,"San Luis Potosi",24,1679281
"355",1980,"Sinaloa",25,1828211
"356",1980,"Sonora",26,1501207
"357",1980,"State of Mexico",15,7422034
"358",1980,"Tabasco",27,1058189
"359",1980,"Tamaulipas",28,1914583
"360",1980,"Tlaxcala",29,556335
"361",1980,"Veracruz",30,5374643
"362",1980,"Yucatan",31,1064018
"363",1980,"Zacatecas",32,1143277
"364",1981,"Aguascalientes",1,533306
"365",1981,"Baja California",2,1207456
"366",1981,"Baja California Sur",3,220041
"367",1981,"Campeche",4,433207
"368",1981,"Chiapas",7,2183827
"369",1981,"Chihuahua",8,2051765
"370",1981,"Coahuila",5,1589100
"371",1981,"Colima",6,354349
"372",1981,"Durango",10,1207745
"373",1981,"Guanajuato",11,3092938
"374",1981,"Guerrero",12,2186489
"375",1981,"Hidalgo",13,1585082
"376",1981,"Jalisco",14,4483809
"377",1981,"Mexico City",9,8884076
"378",1981,"Michoacan",16,2965074
"379",1981,"Morelos",17,968431
"380",1981,"National",0,68413080
"381",1981,"Nayarit",18,739525
"382",1981,"Nuevo Leon",19,2546270
"383",1981,"Oaxaca",20,2463897
"384",1981,"Puebla",21,3454749
"385",1981,"Queretaro",22,762350
"386",1981,"Quintana Roo",23,238034
"387",1981,"San Luis Potosi",24,1715497
"388",1981,"Sinaloa",25,1877540
"389",1981,"Sonora",26,1538297
"390",1981,"State of Mexico",15,7751510
"391",1981,"Tabasco",27,1094614
"392",1981,"Tamaulipas",28,1955106
"393",1981,"Tlaxcala",29,573129
"394",1981,"Veracruz",30,5502146
"395",1981,"Yucatan",31,1094687
"396",1981,"Zacatecas",32,1159034
"397",1982,"Aguascalientes",1,554849
"398",1982,"Baja California",2,1258713
"399",1982,"Baja California Sur",3,230719
"400",1982,"Campeche",4,446081
"401",1982,"Chiapas",7,2301317
"402",1982,"Chihuahua",8,2102659
"403",1982,"Coahuila",5,1635980
"404",1982,"Colima",6,363673
"405",1982,"Durango",10,1230094
"406",1982,"Guanajuato",11,3200630
"407",1982,"Guerrero",12,2245902
"408",1982,"Hidalgo",13,1625418
"409",1982,"Jalisco",14,4596159
"410",1982,"Mexico City",9,8873290
"411",1982,"Michoacan",16,3045027
"412",1982,"Morelos",17,996244
"413",1982,"National",0,70119229
"414",1982,"Nayarit",18,752513
"415",1982,"Nuevo Leon",19,2612890
"416",1982,"Oaxaca",20,2538120
"417",1982,"Puebla",21,3546348
"418",1982,"Queretaro",22,795859
"419",1982,"Quintana Roo",23,264234
"420",1982,"San Luis Potosi",24,1755345
"421",1982,"Sinaloa",25,1920289
"422",1982,"Sonora",26,1574945
"423",1982,"State of Mexico",15,8004223
"424",1982,"Tabasco",27,1141756
"425",1982,"Tamaulipas",28,1995198
"426",1982,"Tlaxcala",29,595455
"427",1982,"Veracruz",30,5608681
"428",1982,"Yucatan",31,1128306
"429",1982,"Zacatecas",32,1178312
"430",1983,"Aguascalientes",1,576766
"431",1983,"Baja California",2,1310976
"432",1983,"Baja California Sur",3,241670
"433",1983,"Campeche",4,459057
"434",1983,"Chiapas",7,2421239
"435",1983,"Chihuahua",8,2153534
"436",1983,"Coahuila",5,1683250
"437",1983,"Colima",6,372999
"438",1983,"Durango",10,1251985
"439",1983,"Guanajuato",11,3309531
"440",1983,"Guerrero",12,2305332
"441",1983,"Hidalgo",13,1665770
"442",1983,"Jalisco",14,4708343
"443",1983,"Mexico City",9,8851689
"444",1983,"Michoacan",16,3124999
"445",1983,"Morelos",17,1024228
"446",1983,"National",0,71823529
"447",1983,"Nayarit",18,765237
"448",1983,"Nuevo Leon",19,2679973
"449",1983,"Oaxaca",20,2612684
"450",1983,"Puebla",21,3638044
"451",1983,"Queretaro",22,830026
"452",1983,"Quintana Roo",23,291409
"453",1983,"San Luis Potosi",24,1794973
"454",1983,"Sinaloa",25,1962816
"455",1983,"Sonora",26,1611537
"456",1983,"State of Mexico",15,8259786
"457",1983,"Tabasco",27,1189689
"458",1983,"Tamaulipas",28,2034969
"459",1983,"Tlaxcala",29,618145
"460",1983,"Veracruz",30,5713576
"461",1983,"Yucatan",31,1162190
"462",1983,"Zacatecas",32,1197107
"463",1984,"Aguascalientes",1,598957
"464",1984,"Baja California",2,1364093
"465",1984,"Baja California Sur",3,252826
"466",1984,"Campeche",4,472041
"467",1984,"Chiapas",7,2543181
"468",1984,"Chihuahua",8,2204125
"469",1984,"Coahuila",5,1730735
"470",1984,"Colima",6,382322
"471",1984,"Durango",10,1273299
"472",1984,"Guanajuato",11,3419151
"473",1984,"Guerrero",12,2364424
"474",1984,"Hidalgo",13,1705875
"475",1984,"Jalisco",14,4819724
"476",1984,"Mexico City",9,8818157
"477",1984,"Michoacan",16,3204541
"478",1984,"Morelos",17,1052271
"479",1984,"National",0,73516564
"480",1984,"Nayarit",18,777627
"481",1984,"Nuevo Leon",19,2747158
"482",1984,"Oaxaca",20,2687163
"483",1984,"Puebla",21,3729296
"484",1984,"Queretaro",22,864712
"485",1984,"Quintana Roo",23,319467
"486",1984,"San Luis Potosi",24,1834165
"487",1984,"Sinaloa",25,2004962
"488",1984,"Sonora",26,1647919
"489",1984,"State of Mexico",15,8517176
"490",1984,"Tabasco",27,1238334
"491",1984,"Tamaulipas",28,2074200
"492",1984,"Tlaxcala",29,641079
"493",1984,"Veracruz",30,5816162
"494",1984,"Yucatan",31,1196144
"495",1984,"Zacatecas",32,1215278
"496",1985,"Aguascalientes",1,621445
"497",1985,"Baja California",2,1418026
"498",1985,"Baja California Sur",3,264234
"499",1985,"Campeche",4,485070
"500",1985,"Chiapas",7,2667065
"501",1985,"Chihuahua",8,2254460
"502",1985,"Coahuila",5,1778477
"503",1985,"Colima",6,391652
"504",1985,"Durango",10,1294060
"505",1985,"Guanajuato",11,3529467
"506",1985,"Guerrero",12,2423175
"507",1985,"Hidalgo",13,1745776
"508",1985,"Jalisco",14,4930269
"509",1985,"Mexico City",9,8772718
"510",1985,"Michoacan",16,3283606
"511",1985,"Morelos",17,1080386
"512",1985,"National",0,75198137
"513",1985,"Nayarit",18,789649
"514",1985,"Nuevo Leon",19,2814553
"515",1985,"Oaxaca",20,2761528
"516",1985,"Puebla",21,3820072
"517",1985,"Queretaro",22,899889
"518",1985,"Quintana Roo",23,348426
"519",1985,"San Luis Potosi",24,1872889
"520",1985,"Sinaloa",25,2046677
"521",1985,"Sonora",26,1684124
"522",1985,"State of Mexico",15,8776387
"523",1985,"Tabasco",27,1287603
"524",1985,"Tamaulipas",28,2112906
"525",1985,"Tlaxcala",29,664297
"526",1985,"Veracruz",30,5916280
"527",1985,"Yucatan",31,1230171
"528",1985,"Zacatecas",32,1232800
"529",1986,"Aguascalientes",1,644129
"530",1986,"Baja California",2,1472639
"531",1986,"Baja California Sur",3,275847
"532",1986,"Campeche",4,498055
"533",1986,"Chiapas",7,2792491
"534",1986,"Chihuahua",8,2304289
"535",1986,"Coahuila",5,1826226
"536",1986,"Colima",6,400905
"537",1986,"Durango",10,1314069
"538",1986,"Guanajuato",11,3640077
"539",1986,"Guerrero",12,2481306
"540",1986,"Hidalgo",13,1785212
"541",1986,"Jalisco",14,5039392
"542",1986,"Mexico City",9,8714467
"543",1986,"Michoacan",16,3361883
"544",1986,"Morelos",17,1108412
"545",1986,"National",0,76859641
"546",1986,"Nayarit",18,801289
"547",1986,"Nuevo Leon",19,2881753
"548",1986,"Oaxaca",20,2835405
"549",1986,"Puebla",21,3909917
"550",1986,"Queretaro",22,935501
"551",1986,"Quintana Roo",23,378224
"552",1986,"San Luis Potosi",24,1910959
"553",1986,"Sinaloa",25,2087806
"554",1986,"Sonora",26,1719919
"555",1986,"State of Mexico",15,9036446
"556",1986,"Tabasco",27,1337362
"557",1986,"Tamaulipas",28,2150836
"558",1986,"Tlaxcala",29,687716
"559",1986,"Veracruz",30,6013375
"560",1986,"Yucatan",31,1264099
"561",1986,"Zacatecas",32,1249635
"562",1987,"Aguascalientes",1,667134
"563",1987,"Baja California",2,1528173
"564",1987,"Baja California Sur",3,287702
"565",1987,"Campeche",4,511090
"566",1987,"Chiapas",7,2919898
"567",1987,"Chihuahua",8,2354081
"568",1987,"Coahuila",5,1874368
"569",1987,"Colima",6,410181
"570",1987,"Durango",10,1333685
"571",1987,"Guanajuato",11,3751674
"572",1987,"Guerrero",12,2539252
"573",1987,"Hidalgo",13,1824595
"574",1987,"Jalisco",14,5148235
"575",1987,"Mexico City",9,8645456
"576",1987,"Michoacan",16,3440008
"577",1987,"Morelos",17,1136598
"578",1987,"National",0,78516570
"579",1987,"Nayarit",18,812677
"580",1987,"Nuevo Leon",19,2949429
"581",1987,"Oaxaca",20,2909362
"582",1987,"Puebla",21,3999614
"583",1987,"Queretaro",22,971672
"584",1987,"Quintana Roo",23,408895
"585",1987,"San Luis Potosi",24,1948781
"586",1987,"Sinaloa",25,2128729
"587",1987,"Sonora",26,1755712
"588",1987,"State of Mexico",15,9299040
"589",1987,"Tabasco",27,1387860
"590",1987,"Tamaulipas",28,2188453
"591",1987,"Tlaxcala",29,711412
"592",1987,"Veracruz",30,6108628
"593",1987,"Yucatan",31,1298204
"594",1987,"Zacatecas",32,1265972
"595",1988,"Aguascalientes",1,690383
"596",1988,"Baja California",2,1584462
"597",1988,"Baja California Sur",3,299780
"598",1988,"Campeche",4,524164
"599",1988,"Chiapas",7,3048847
"600",1988,"Chihuahua",8,2403595
"601",1988,"Coahuila",5,1922685
"602",1988,"Colima",6,419432
"603",1988,"Durango",10,1352729
"604",1988,"Guanajuato",11,3863708
"605",1988,"Guerrero",12,2596709
"606",1988,"Hidalgo",13,1863685
"607",1988,"Jalisco",14,5256093
"608",1988,"Mexico City",9,8564441
"609",1988,"Michoacan",16,3517552
"610",1988,"Morelos",17,1164845
"611",1988,"National",0,80159102
"612",1988,"Nayarit",18,823735
"613",1988,"Nuevo Leon",19,3017175
"614",1988,"Oaxaca",20,2983024
"615",1988,"Puebla",21,4088618
"616",1988,"Queretaro",22,1008304
"617",1988,"Quintana Roo",23,440387
"618",1988,"San Luis Potosi",24,1986112
"619",1988,"Sinaloa",25,2169239
"620",1988,"Sonora",26,1791303
"621",1988,"State of Mexico",15,9562978
"622",1988,"Tabasco",27,1438881
"623",1988,"Tamaulipas",28,2225515
"624",1988,"Tlaxcala",29,735349
"625",1988,"Veracruz",30,6201300
"626",1988,"Yucatan",31,1332321
"627",1988,"Zacatecas",32,1281751
"628",1989,"Aguascalientes",1,713800
"629",1989,"Baja California",2,1641275
"630",1989,"Baja California Sur",3,312048
"631",1989,"Campeche",4,537160
"632",1989,"Chiapas",7,3179027
"633",1989,"Chihuahua",8,2452515
"634",1989,"Coahuila",5,1970952
"635",1989,"Colima",6,428640
"636",1989,"Durango",10,1371086
"637",1989,"Guanajuato",11,3975848
"638",1989,"Guerrero",12,2653450
"639",1989,"Hidalgo",13,1902284
"640",1989,"Jalisco",14,5362434
"641",1989,"Mexico City",9,8470761
"642",1989,"Michoacan",16,3594152
"643",1989,"Morelos",17,1192951
"644",1989,"National",0,81778775
"645",1989,"Nayarit",18,834347
"646",1989,"Nuevo Leon",19,3084699
"647",1989,"Oaxaca",20,3056017
"648",1989,"Puebla",21,4176513
"649",1989,"Queretaro",22,1045269
"650",1989,"Quintana Roo",23,472674
"651",1989,"San Luis Potosi",24,2022741
"652",1989,"Sinaloa",25,2209082
"653",1989,"Sonora",26,1826439
"654",1989,"State of Mexico",15,9827414
"655",1989,"Tabasco",27,1490295
"656",1989,"Tamaulipas",28,2261739
"657",1989,"Tlaxcala",29,759427
"658",1989,"Veracruz",30,6290690
"659",1989,"Yucatan",31,1366257
"660",1989,"Zacatecas",32,1296789
"661",1990,"Aguascalientes",1,737359
"662",1990,"Baja California",2,1698647
"663",1990,"Baja California Sur",3,324488
"664",1990,"Campeche",4,550083
"665",1990,"Chiapas",7,3310269
"666",1990,"Chihuahua",8,2500885
"667",1990,"Coahuila",5,2019221
"668",1990,"Colima",6,437763
"669",1990,"Durango",10,1388753
"670",1990,"Guanajuato",11,4088007
"671",1990,"Guerrero",12,2709402
"672",1990,"Hidalgo",13,1940433
"673",1990,"Jalisco",14,5467286
"674",1990,"Mexico City",9,8364711
"675",1990,"Michoacan",16,3669865
"676",1990,"Morelos",17,1221020
"677",1990,"National",0,83375978
"678",1990,"Nayarit",18,844648
"679",1990,"Nuevo Leon",19,3152007
"680",1990,"Oaxaca",20,3128390
"681",1990,"Puebla",21,4263276
"682",1990,"Queretaro",22,1082566
"683",1990,"Quintana Roo",23,505647
"684",1990,"San Luis Potosi",24,2058657
"685",1990,"Sinaloa",25,2248312
"686",1990,"Sonora",26,1861226
"687",1990,"State of Mexico",15,10092046
"688",1990,"Tabasco",27,1542070
"689",1990,"Tamaulipas",28,2297184
"690",1990,"Tlaxcala",29,783617
"691",1990,"Veracruz",30,6376953
"692",1990,"Yucatan",31,1400033
"693",1990,"Zacatecas",32,1311154
"694",1991,"Aguascalientes",1,760013
"695",1991,"Baja California",2,1769473
"696",1991,"Baja California Sur",3,333655
"697",1991,"Campeche",4,566776
"698",1991,"Chiapas",7,3369949
"699",1991,"Chihuahua",8,2557635
"700",1991,"Coahuila",5,2051248
"701",1991,"Colima",6,447496
"702",1991,"Durango",10,1402079
"703",1991,"Guanajuato",11,4155009
"704",1991,"Guerrero",12,2754743
"705",1991,"Hidalgo",13,1976775
"706",1991,"Jalisco",14,5573419
"707",1991,"Mexico City",9,8414436
"708",1991,"Michoacan",16,3720279
"709",1991,"Morelos",17,1260703
"710",1991,"National",0,84959845
"711",1991,"Nayarit",18,856225
"712",1991,"Nuevo Leon",19,3226619
"713",1991,"Oaxaca",20,3160205
"714",1991,"Puebla",21,4343803
"715",1991,"Queretaro",22,1113450
"716",1991,"Quintana Roo",23,538697
"717",1991,"San Luis Potosi",24,2090443
"718",1991,"Sinaloa",25,2285247
"719",1991,"Sonora",26,1904467
"720",1991,"State of Mexico",15,10386622
"721",1991,"Tabasco",27,1581485
"722",1991,"Tamaulipas",28,2342562
"723",1991,"Tlaxcala",29,803217
"724",1991,"Veracruz",30,6461877
"725",1991,"Yucatan",31,1430356
"726",1991,"Zacatecas",32,1320882
"727",1992,"Aguascalientes",1,782853
"728",1992,"Baja California",2,1841517
"729",1992,"Baja California Sur",3,342886
"730",1992,"Campeche",4,583631
"731",1992,"Chiapas",7,3428656
"732",1992,"Chihuahua",8,2614357
"733",1992,"Coahuila",5,2082852
"734",1992,"Colima",6,457274
"735",1992,"Durango",10,1414835
"736",1992,"Guanajuato",11,4221107
"737",1992,"Guerrero",12,2799255
"738",1992,"Hidalgo",13,2012819
"739",1992,"Jalisco",14,5679226
"740",1992,"Mexico City",9,8459793
"741",1992,"Michoacan",16,3769578
"742",1992,"Morelos",17,1300833
"743",1992,"National",0,86534334
"744",1992,"Nayarit",18,867516
"745",1992,"Nuevo Leon",19,3301541
"746",1992,"Oaxaca",20,3190529
"747",1992,"Puebla",21,4423565
"748",1992,"Queretaro",22,1144581
"749",1992,"Quintana Roo",23,572477
"750",1992,"San Luis Potosi",24,2121640
"751",1992,"Sinaloa",25,2321727
"752",1992,"Sonora",26,1947740
"753",1992,"State of Mexico",15,10684398
"754",1992,"Tabasco",27,1621056
"755",1992,"Tamaulipas",28,2387812
"756",1992,"Tlaxcala",29,822867
"757",1992,"Veracruz",30,6544703
"758",1992,"Yucatan",31,1460695
"759",1992,"Zacatecas",32,1330015
"760",1993,"Aguascalientes",1,805811
"761",1993,"Baja California",2,1914362
"762",1993,"Baja California Sur",3,352175
"763",1993,"Campeche",4,600500
"764",1993,"Chiapas",7,3486115
"765",1993,"Chihuahua",8,2670600
"766",1993,"Coahuila",5,2113715
"767",1993,"Colima",6,466979
"768",1993,"Durango",10,1426815
"769",1993,"Guanajuato",11,4285770
"770",1993,"Guerrero",12,2842686
"771",1993,"Hidalgo",13,2048305
"772",1993,"Jalisco",14,5783926
"773",1993,"Mexico City",9,8498926
"774",1993,"Michoacan",16,3817415
"775",1993,"Morelos",17,1341247
"776",1993,"National",0,88086961
"777",1993,"Nayarit",18,878493
"778",1993,"Nuevo Leon",19,3376197
"779",1993,"Oaxaca",20,3219036
"780",1993,"Puebla",21,4502057
"781",1993,"Queretaro",22,1175856
"782",1993,"Quintana Roo",23,606908
"783",1993,"San Luis Potosi",24,2151985
"784",1993,"Sinaloa",25,2357408
"785",1993,"Sonora",26,1990680
"786",1993,"State of Mexico",15,10983677
"787",1993,"Tabasco",27,1660597
"788",1993,"Tamaulipas",28,2432483
"789",1993,"Tlaxcala",29,842500
"790",1993,"Veracruz",30,6624507
"791",1993,"Yucatan",31,1490801
"792",1993,"Zacatecas",32,1338429
"793",1994,"Aguascalientes",1,828790
"794",1994,"Baja California",2,1987944
"795",1994,"Baja California Sur",3,361449
"796",1994,"Campeche",4,617379
"797",1994,"Chiapas",7,3541947
"798",1994,"Chihuahua",8,2726197
"799",1994,"Coahuila",5,2143658
"800",1994,"Colima",6,476597
"801",1994,"Durango",10,1437957
"802",1994,"Guanajuato",11,4348607
"803",1994,"Guerrero",12,2884716
"804",1994,"Hidalgo",13,2083067
"805",1994,"Jalisco",14,5887039
"806",1994,"Mexico City",9,8531902
"807",1994,"Michoacan",16,3863408
"808",1994,"Morelos",17,1381779
"809",1994,"National",0,89611444
"810",1994,"Nayarit",18,889055
"811",1994,"Nuevo Leon",19,3450361
"812",1994,"Oaxaca",20,3245361
"813",1994,"Puebla",21,4578828
"814",1994,"Queretaro",22,1207110
"815",1994,"Quintana Roo",23,641932
"816",1994,"San Luis Potosi",24,2181348
"817",1994,"Sinaloa",25,2392148
"818",1994,"Sonora",26,2033170
"819",1994,"State of Mexico",15,11283802
"820",1994,"Tabasco",27,1699996
"821",1994,"Tamaulipas",28,2476418
"822",1994,"Tlaxcala",29,862000
"823",1994,"Veracruz",30,6700993
"824",1994,"Yucatan",31,1520523
"825",1994,"Zacatecas",32,1345963
"826",1995,"Aguascalientes",1,851788
"827",1995,"Baja California",2,2062208
"828",1995,"Baja California Sur",3,370742
"829",1995,"Campeche",4,634289
"830",1995,"Chiapas",7,3596299
"831",1995,"Chihuahua",8,2781178
"832",1995,"Coahuila",5,2172842
"833",1995,"Colima",6,486132
"834",1995,"Durango",10,1448304
"835",1995,"Guanajuato",11,4409866
"836",1995,"Guerrero",12,2925459
"837",1995,"Hidalgo",13,2117175
"838",1995,"Jalisco",14,5988740
"839",1995,"Mexico City",9,8558816
"840",1995,"Michoacan",16,3907762
"841",1995,"Morelos",17,1422504
"842",1995,"National",0,91110592
"843",1995,"Nayarit",18,899241
"844",1995,"Nuevo Leon",19,3524162
"845",1995,"Oaxaca",20,3269664
"846",1995,"Puebla",21,4654033
"847",1995,"Queretaro",22,1238408
"848",1995,"Quintana Roo",23,677481
"849",1995,"San Luis Potosi",24,2209736
"850",1995,"Sinaloa",25,2426052
"851",1995,"Sonora",26,2075312
"852",1995,"State of Mexico",15,11585058
"853",1995,"Tabasco",27,1739274
"854",1995,"Tamaulipas",28,2519708
"855",1995,"Tlaxcala",29,881387
"856",1995,"Veracruz",30,6774290
"857",1995,"Yucatan",31,1549904
"858",1995,"Zacatecas",32,1352778
"859",1996,"Aguascalientes",1,874751
"860",1996,"Baja California",2,2136892
"861",1996,"Baja California Sur",3,380006
"862",1996,"Campeche",4,651141
"863",1996,"Chiapas",7,3648791
"864",1996,"Chihuahua",8,2835202
"865",1996,"Coahuila",5,2200976
"866",1996,"Colima",6,495582
"867",1996,"Durango",10,1457676
"868",1996,"Guanajuato",11,4469014
"869",1996,"Guerrero",12,2964614
"870",1996,"Hidalgo",13,2150328
"871",1996,"Jalisco",14,6088332
"872",1996,"Mexico City",9,8578889
"873",1996,"Michoacan",16,3950046
"874",1996,"Morelos",17,1463199
"875",1996,"National",0,92573819
"876",1996,"Nayarit",18,908933
"877",1996,"Nuevo Leon",19,3597069
"878",1996,"Oaxaca",20,3291606
"879",1996,"Puebla",21,4727105
"880",1996,"Queretaro",22,1269596
"881",1996,"Quintana Roo",23,713495
"882",1996,"San Luis Potosi",24,2236927
"883",1996,"Sinaloa",25,2458858
"884",1996,"Sonora",26,2116752
"885",1996,"State of Mexico",15,11886009
"886",1996,"Tabasco",27,1778240
"887",1996,"Tamaulipas",28,2561968
"888",1996,"Tlaxcala",29,900586
"889",1996,"Veracruz",30,6843821
"890",1996,"Yucatan",31,1578745
"891",1996,"Zacatecas",32,1358670
"892",1997,"Aguascalientes",1,894419
"893",1997,"Baja California",2,2216623
"894",1997,"Baja California Sur",3,391604
"895",1997,"Campeche",4,663087
"896",1997,"Chiapas",7,3723153
"897",1997,"Chihuahua",8,2891700
"898",1997,"Coahuila",5,2230794
"899",1997,"Colima",6,506899
"900",1997,"Durango",10,1460475
"901",1997,"Guanajuato",11,4529715
"902",1997,"Guerrero",12,3004475
"903",1997,"Hidalgo",13,2180554
"904",1997,"Jalisco",14,6163647
"905",1997,"Mexico City",9,8597556
"906",1997,"Michoacan",16,3974592
"907",1997,"Morelos",17,1488549
"908",1997,"National",0,94012406
"909",1997,"Nayarit",18,914790
"910",1997,"Nuevo Leon",19,3660495
"911",1997,"Oaxaca",20,3342648
"912",1997,"Puebla",21,4830676
"913",1997,"Queretaro",22,1306446
"914",1997,"Quintana Roo",23,755251
"915",1997,"San Luis Potosi",24,2260535
"916",1997,"Sinaloa",25,2484503
"917",1997,"Sonora",26,2146607
"918",1997,"State of Mexico",15,12196729
"919",1997,"Tabasco",27,1812660
"920",1997,"Tamaulipas",28,2615473
"921",1997,"Tlaxcala",29,919653
"922",1997,"Veracruz",30,6882510
"923",1997,"Yucatan",31,1603511
"924",1997,"Zacatecas",32,1362077
"925",1998,"Aguascalientes",1,913977
"926",1998,"Baja California",2,2296911
"927",1998,"Baja California Sur",3,403246
"928",1998,"Campeche",4,674902
"929",1998,"Chiapas",7,3796880
"930",1998,"Chihuahua",8,2947654
"931",1998,"Coahuila",5,2259682
"932",1998,"Colima",6,518219
"933",1998,"Durango",10,1462350
"934",1998,"Guanajuato",11,4588809
"935",1998,"Guerrero",12,3043132
"936",1998,"Hidalgo",13,2210197
"937",1998,"Jalisco",14,6236660
"938",1998,"Mexico City",9,8610037
"939",1998,"Michoacan",16,3997104
"940",1998,"Morelos",17,1513643
"941",1998,"National",0,95425199
"942",1998,"Nayarit",18,920174
"943",1998,"Nuevo Leon",19,3723105
"944",1998,"Oaxaca",20,3392826
"945",1998,"Puebla",21,4933788
"946",1998,"Queretaro",22,1343464
"947",1998,"Quintana Roo",23,797615
"948",1998,"San Luis Potosi",24,2283229
"949",1998,"Sinaloa",25,2509073
"950",1998,"Sonora",26,2175639
"951",1998,"State of Mexico",15,12508854
"952",1998,"Tabasco",27,1846925
"953",1998,"Tamaulipas",28,2668431
"954",1998,"Tlaxcala",29,938559
"955",1998,"Veracruz",30,6917652
"956",1998,"Yucatan",31,1627790
"957",1998,"Zacatecas",32,1364672
"958",1999,"Aguascalientes",1,933349
"959",1999,"Baja California",2,2377592
"960",1999,"Baja California Sur",3,414896
"961",1999,"Campeche",4,686537
"962",1999,"Chiapas",7,3869496
"963",1999,"Chihuahua",8,3002868
"964",1999,"Coahuila",5,2287517
"965",1999,"Colima",6,529539
"966",1999,"Durango",10,1463139
"967",1999,"Guanajuato",11,4645779
"968",1999,"Guerrero",12,3080190
"969",1999,"Hidalgo",13,2239086
"970",1999,"Jalisco",14,6306841
"971",1999,"Mexico City",9,8616615
"972",1999,"Michoacan",16,4017124
"973",1999,"Morelos",17,1538390
"974",1999,"National",0,96805382
"975",1999,"Nayarit",18,925051
"976",1999,"Nuevo Leon",19,3784772
"977",1999,"Oaxaca",20,3441680
"978",1999,"Puebla",21,5035793
"979",1999,"Queretaro",22,1380520
"980",1999,"Quintana Roo",23,840513
"981",1999,"San Luis Potosi",24,2304776
"982",1999,"Sinaloa",25,2532455
"983",1999,"Sonora",26,2203838
"984",1999,"State of Mexico",15,12821655
"985",1999,"Tabasco",27,1880853
"986",1999,"Tamaulipas",28,2720690
"987",1999,"Tlaxcala",29,957256
"988",1999,"Veracruz",30,6948867
"989",1999,"Yucatan",31,1651404
"990",1999,"Zacatecas",32,1366301
"991",2000,"Aguascalientes",1,952583
"992",2000,"Baja California",2,2458559
"993",2000,"Baja California Sur",3,426573
"994",2000,"Campeche",4,697960
"995",2000,"Chiapas",7,3941395
"996",2000,"Chihuahua",8,3057325
"997",2000,"Coahuila",5,2314295
"998",2000,"Colima",6,540850
"999",2000,"Durango",10,1462982
"1000",2000,"Guanajuato",11,4701030
"1001",2000,"Guerrero",12,3116018
"1002",2000,"Hidalgo",13,2267428
"1003",2000,"Jalisco",14,6374520
"1004",2000,"Mexico City",9,8616773
"1005",2000,"Michoacan",16,4035153
"1006",2000,"Morelos",17,1562835
"1007",2000,"National",0,98156442
"1008",2000,"Nayarit",18,929461
"1009",2000,"Nuevo Leon",19,3845327
"1010",2000,"Oaxaca",20,3489684
"1011",2000,"Puebla",21,5137141
"1012",2000,"Queretaro",22,1417648
"1013",2000,"Quintana Roo",23,883880
"1014",2000,"San Luis Potosi",24,2325412
"1015",2000,"Sinaloa",25,2554713
"1016",2000,"Sonora",26,2231118
"1017",2000,"State of Mexico",15,13135036
"1018",2000,"Tabasco",27,1914531
"1019",2000,"Tamaulipas",28,2772174
"1020",2000,"Tlaxcala",29,975779
"1021",2000,"Veracruz",30,6976685
"1022",2000,"Yucatan",31,1674435
"1023",2000,"Zacatecas",32,1367139
"1024",2001,"Aguascalientes",1,975321
"1025",2001,"Baja California",2,2528681
"1026",2001,"Baja California Sur",3,441949
"1027",2001,"Campeche",4,710651
"1028",2001,"Chiapas",7,4016247
"1029",2001,"Chihuahua",8,3099129
"1030",2001,"Coahuila",5,2355571
"1031",2001,"Colima",6,547400
"1032",2001,"Durango",10,1477765
"1033",2001,"Guanajuato",11,4755186
"1034",2001,"Guerrero",12,3130958
"1035",2001,"Hidalgo",13,2291202
"1036",2001,"Jalisco",14,6464748
"1037",2001,"Mexico City",9,8665110
"1038",2001,"Michoacan",16,4043235
"1039",2001,"Morelos",17,1576909
"1040",2001,"National",0,99410672
"1041",2001,"Nayarit",18,937332
"1042",2001,"Nuevo Leon",19,3920854
"1043",2001,"Oaxaca",20,3509538
"1044",2001,"Puebla",21,5202605
"1045",2001,"Queretaro",22,1452445
"1046",2001,"Quintana Roo",23,923859
"1047",2001,"San Luis Potosi",24,2350795
"1048",2001,"Sinaloa",25,2573445
"1049",2001,"Sonora",26,2267911
"1050",2001,"State of Mexico",15,13323465
"1051",2001,"Tabasco",27,1935565
"1052",2001,"Tamaulipas",28,2825012
"1053",2001,"Tlaxcala",29,995523
"1054",2001,"Veracruz",30,7032878
"1055",2001,"Yucatan",31,1705363
"1056",2001,"Zacatecas",32,1374020
"1057",2002,"Aguascalientes",1,999609
"1058",2002,"Baja California",2,2603014
"1059",2002,"Baja California Sur",3,458126
"1060",2002,"Campeche",4,724411
"1061",2002,"Chiapas",7,4096967
"1062",2002,"Chihuahua",8,3144895
"1063",2002,"Coahuila",5,2400100
"1064",2002,"Colima",6,554715
"1065",2002,"Durango",10,1494398
"1066",2002,"Guanajuato",11,4815592
"1067",2002,"Guerrero",12,3149504
"1068",2002,"Hidalgo",13,2317937
"1069",2002,"Jalisco",14,6563547
"1070",2002,"Mexico City",9,8723089
"1071",2002,"Michoacan",16,4055885
"1072",2002,"Morelos",17,1592959
"1073",2002,"National",0,100796507
"1074",2002,"Nayarit",18,946342
"1075",2002,"Nuevo Leon",19,4001963
"1076",2002,"Oaxaca",20,3533511
"1077",2002,"Puebla",21,5274809
"1078",2002,"Queretaro",22,1489730
"1079",2002,"Quintana Roo",23,965860
"1080",2002,"San Luis Potosi",24,2379140
"1081",2002,"Sinaloa",25,2595471
"1082",2002,"Sonora",26,2307796
"1083",2002,"State of Mexico",15,13530266
"1084",2002,"Tabasco",27,1959319
"1085",2002,"Tamaulipas",28,2881957
"1086",2002,"Tlaxcala",29,1016747
"1087",2002,"Veracruz",30,7097590
"1088",2002,"Yucatan",31,1738774
"1089",2002,"Zacatecas",32,1382484
"1090",2003,"Aguascalientes",1,1024187
"1091",2003,"Baja California",2,2678343
"1092",2003,"Baja California Sur",3,474562
"1093",2003,"Campeche",4,738377
"1094",2003,"Chiapas",7,4178392
"1095",2003,"Chihuahua",8,3190745
"1096",2003,"Coahuila",5,2444923
"1097",2003,"Colima",6,562036
"1098",2003,"Durango",10,1511005
"1099",2003,"Guanajuato",11,4876159
"1100",2003,"Guerrero",12,3167795
"1101",2003,"Hidalgo",13,2344752
"1102",2003,"Jalisco",14,6662706
"1103",2003,"Mexico City",9,8779904
"1104",2003,"Michoacan",16,4067955
"1105",2003,"Morelos",17,1608975
"1106",2003,"National",0,102188066
"1107",2003,"Nayarit",18,955302
"1108",2003,"Nuevo Leon",19,4083677
"1109",2003,"Oaxaca",20,3557268
"1110",2003,"Puebla",21,5347110
"1111",2003,"Queretaro",22,1527639
"1112",2003,"Quintana Roo",23,1008744
"1113",2003,"San Luis Potosi",24,2407585
"1114",2003,"Sinaloa",25,2617495
"1115",2003,"Sonora",26,2347968
"1116",2003,"State of Mexico",15,13738250
"1117",2003,"Tabasco",27,1983290
"1118",2003,"Tamaulipas",28,2939400
"1119",2003,"Tlaxcala",29,1038218
"1120",2003,"Veracruz",30,7162027
"1121",2003,"Yucatan",31,1772468
"1122",2003,"Zacatecas",32,1390809
"1123",2004,"Aguascalientes",1,1049136
"1124",2004,"Baja California",2,2754781
"1125",2004,"Baja California Sur",3,491301
"1126",2004,"Campeche",4,752579
"1127",2004,"Chiapas",7,4260661
"1128",2004,"Chihuahua",8,3236800
"1129",2004,"Coahuila",5,2490157
"1130",2004,"Colima",6,569400
"1131",2004,"Durango",10,1527622
"1132",2004,"Guanajuato",11,4937187
"1133",2004,"Guerrero",12,3185898
"1134",2004,"Hidalgo",13,2371835
"1135",2004,"Jalisco",14,6762484
"1136",2004,"Mexico City",9,8835750
"1137",2004,"Michoacan",16,4079615
"1138",2004,"Morelos",17,1625072
"1139",2004,"National",0,103589484
"1140",2004,"Nayarit",18,964238
"1141",2004,"Nuevo Leon",19,4166124
"1142",2004,"Oaxaca",20,3580895
"1143",2004,"Puebla",21,5419804
"1144",2004,"Queretaro",22,1566258
"1145",2004,"Quintana Roo",23,1052561
"1146",2004,"San Luis Potosi",24,2436194
"1147",2004,"Sinaloa",25,2639554
"1148",2004,"Sonora",26,2388471
"1149",2004,"State of Mexico",15,13947995
"1150",2004,"Tabasco",27,2007515
"1151",2004,"Tamaulipas",28,2997452
"1152",2004,"Tlaxcala",29,1059947
"1153",2004,"Veracruz",30,7226590
"1154",2004,"Yucatan",31,1806567
"1155",2004,"Zacatecas",32,1399041
"1156",2005,"Aguascalientes",1,1073883
"1157",2005,"Baja California",2,2830938
"1158",2005,"Baja California Sur",3,508034
"1159",2005,"Campeche",4,766586
"1160",2005,"Chiapas",7,4341519
"1161",2005,"Chihuahua",8,3281538
"1162",2005,"Coahuila",5,2534641
"1163",2005,"Colima",6,576556
"1164",2005,"Durango",10,1543560
"1165",2005,"Guanajuato",11,4996174
"1166",2005,"Guerrero",12,3202346
"1167",2005,"Hidalgo",13,2398009
"1168",2005,"Jalisco",14,6859707
"1169",2005,"Mexico City",9,8887333
"1170",2005,"Michoacan",16,4088959
"1171",2005,"Morelos",17,1640511
"1172",2005,"National",0,104951968
"1173",2005,"Nayarit",18,972738
"1174",2005,"Nuevo Leon",19,4247394
"1175",2005,"Oaxaca",20,3602793
"1176",2005,"Puebla",21,5490201
"1177",2005,"Queretaro",22,1604740
"1178",2005,"Quintana Roo",23,1096657
"1179",2005,"San Luis Potosi",24,2463851
"1180",2005,"Sinaloa",25,2660502
"1181",2005,"Sonora",26,2428282
"1182",2005,"State of Mexico",15,14152498
"1183",2005,"Tabasco",27,2030991
"1184",2005,"Tamaulipas",28,3054787
"1185",2005,"Tlaxcala",29,1081432
"1186",2005,"Veracruz",30,7288106
"1187",2005,"Yucatan",31,1840175
"1188",2005,"Zacatecas",32,1406527
"1189",2006,"Aguascalientes",1,1099618
"1190",2006,"Baja California",2,2909809
"1191",2006,"Baja California Sur",3,525338
"1192",2006,"Campeche",4,781270
"1193",2006,"Chiapas",7,4425857
"1194",2006,"Chihuahua",8,3328351
"1195",2006,"Coahuila",5,2580926
"1196",2006,"Colima",6,584078
"1197",2006,"Durango",10,1560401
"1198",2006,"Guanajuato",11,5058487
"1199",2006,"Guerrero",12,3220480
"1200",2006,"Hidalgo",13,2425748
"1201",2006,"Jalisco",14,6961383
"1202",2006,"Mexico City",9,8942569
"1203",2006,"Michoacan",16,4100260
"1204",2006,"Morelos",17,1656910
"1205",2006,"National",0,106383395
"1206",2006,"Nayarit",18,981754
"1207",2006,"Nuevo Leon",19,4331735
"1208",2006,"Oaxaca",20,3626598
"1209",2006,"Puebla",21,5564049
"1210",2006,"Queretaro",22,1644857
"1211",2006,"Quintana Roo",23,1142339
"1212",2006,"San Luis Potosi",24,2493093
"1213",2006,"Sinaloa",25,2683052
"1214",2006,"Sonora",26,2469806
"1215",2006,"State of Mexico",15,14366887
"1216",2006,"Tabasco",27,2055975
"1217",2006,"Tamaulipas",28,3114388
"1218",2006,"Tlaxcala",29,1103817
"1219",2006,"Veracruz",30,7353736
"1220",2006,"Yucatan",31,1875138
"1221",2006,"Zacatecas",32,1414686
"1222",2007,"Aguascalientes",1,1120283
"1223",2007,"Baja California",2,2969369
"1224",2007,"Baja California Sur",3,550163
"1225",2007,"Campeche",4,791831
"1226",2007,"Chiapas",7,4518708
"1227",2007,"Chihuahua",8,3354748
"1228",2007,"Coahuila",5,2624284
"1229",2007,"Colima",6,599535
"1230",2007,"Durango",10,1580004
"1231",2007,"Guanajuato",11,5163426
"1232",2007,"Guerrero",12,3264971
"1233",2007,"Hidalgo",13,2483191
"1234",2007,"Jalisco",14,7066764
"1235",2007,"Mexico City",9,8940912
"1236",2007,"Michoacan",16,4163468
"1237",2007,"Morelos",17,1686723
"1238",2007,"National",0,107923967
"1239",2007,"Nayarit",18,1006383
"1240",2007,"Nuevo Leon",19,4411440
"1241",2007,"Oaxaca",20,3672720
"1242",2007,"Puebla",21,5625385
"1243",2007,"Queretaro",22,1687103
"1244",2007,"Quintana Roo",23,1184153
"1245",2007,"San Luis Potosi",24,2518943
"1246",2007,"Sinaloa",25,2706818
"1247",2007,"Sonora",26,2516469
"1248",2007,"State of Mexico",15,14578117
"1249",2007,"Tabasco",27,2098896
"1250",2007,"Tamaulipas",28,3155338
"1251",2007,"Tlaxcala",29,1120734
"1252",2007,"Veracruz",30,7432831
"1253",2007,"Yucatan",31,1895953
"1254",2007,"Zacatecas",32,1434304
"1255",2008,"Aguascalientes",1,1142153
"1256",2008,"Baja California",2,3032395
"1257",2008,"Baja California Sur",3,575968
"1258",2008,"Campeche",4,803154
"1259",2008,"Chiapas",7,4616485
"1260",2008,"Chihuahua",8,3383348
"1261",2008,"Coahuila",5,2670170
"1262",2008,"Colima",6,615722
"1263",2008,"Durango",10,1600996
"1264",2008,"Guanajuato",11,5274092
"1265",2008,"Guerrero",12,3312421
"1266",2008,"Hidalgo",13,2543465
"1267",2008,"Jalisco",14,7178493
"1268",2008,"Mexico City",9,8942485
"1269",2008,"Michoacan",16,4230517
"1270",2008,"Morelos",17,1718205
"1271",2008,"National",0,109562333
"1272",2008,"Nayarit",18,1032101
"1273",2008,"Nuevo Leon",19,4495654
"1274",2008,"Oaxaca",20,3722033
"1275",2008,"Puebla",21,5691445
"1276",2008,"Queretaro",22,1731612
"1277",2008,"Quintana Roo",23,1227836
"1278",2008,"San Luis Potosi",24,2546864
"1279",2008,"Sinaloa",25,2732607
"1280",2008,"Sonora",26,2565685
"1281",2008,"State of Mexico",15,14803168
"1282",2008,"Tabasco",27,2144255
"1283",2008,"Tamaulipas",28,3198942
"1284",2008,"Tlaxcala",29,1138762
"1285",2008,"Veracruz",30,7517864
"1286",2008,"Yucatan",31,1918346
"1287",2008,"Zacatecas",32,1455090
"1288",2009,"Aguascalientes",1,1164682
"1289",2009,"Baja California",2,3097359
"1290",2009,"Baja California Sur",3,602505
"1291",2009,"Campeche",4,814839
"1292",2009,"Chiapas",7,4717053
"1293",2009,"Chihuahua",8,3412520
"1294",2009,"Coahuila",5,2717261
"1295",2009,"Colima",6,632381
"1296",2009,"Durango",10,1622520
"1297",2009,"Guanajuato",11,5388002
"1298",2009,"Guerrero",12,3361245
"1299",2009,"Hidalgo",13,2605433
"1300",2009,"Jalisco",14,7293177
"1301",2009,"Mexico City",9,8942734
"1302",2009,"Michoacan",16,4299464
"1303",2009,"Morelos",17,1750624
"1304",2009,"National",0,111245216
"1305",2009,"Nayarit",18,1058446
"1306",2009,"Nuevo Leon",19,4582130
"1307",2009,"Oaxaca",20,3772713
"1308",2009,"Puebla",21,5759437
"1309",2009,"Queretaro",22,1777517
"1310",2009,"Quintana Roo",23,1272843
"1311",2009,"San Luis Potosi",24,2575646
"1312",2009,"Sinaloa",25,2759059
"1313",2009,"Sonora",26,2616182
"1314",2009,"State of Mexico",15,15034546
"1315",2009,"Tabasco",27,2191009
"1316",2009,"Tamaulipas",28,3243609
"1317",2009,"Tlaxcala",29,1157354
"1318",2009,"Veracruz",30,7605144
"1319",2009,"Yucatan",31,1941390
"1320",2009,"Zacatecas",32,1476392
"1321",2010,"Aguascalientes",1,1187549
"1322",2010,"Baja California",2,3163386
"1323",2010,"Baja California Sur",3,629630
"1324",2010,"Campeche",4,826659
"1325",2010,"Chiapas",7,4819000
"1326",2010,"Chihuahua",8,3441209
"1327",2010,"Coahuila",5,2764843
"1328",2010,"Colima",6,649295
"1329",2010,"Durango",10,1644169
"1330",2010,"Guanajuato",11,5503686
"1331",2010,"Guerrero",12,3410424
"1332",2010,"Hidalgo",13,2668364
"1333",2010,"Jalisco",14,7408820
"1334",2010,"Mexico City",9,8939412
"1335",2010,"Michoacan",16,4369051
"1336",2010,"Morelos",17,1783439
"1337",2010,"National",0,112942136
"1338",2010,"Nayarit",18,1085119
"1339",2010,"Nuevo Leon",19,4669666
"1340",2010,"Oaxaca",20,3823642
"1341",2010,"Puebla",21,5827654
"1342",2010,"Queretaro",22,1824388
"1343",2010,"Quintana Roo",23,1318805
"1344",2010,"San Luis Potosi",24,2604555
"1345",2010,"Sinaloa",25,2785412
"1346",2010,"Sonora",26,2667301
"1347",2010,"State of Mexico",15,15268489
"1348",2010,"Tabasco",27,2238559
"1349",2010,"Tamaulipas",28,3288434
"1350",2010,"Tlaxcala",29,1176142
"1351",2010,"Veracruz",30,7692744
"1352",2010,"Yucatan",31,1964523
"1353",2010,"Zacatecas",32,1497767
"1354",2011,"Aguascalientes",1,1209353
"1355",2011,"Baja California",2,3203820
"1356",2011,"Baja California Sur",3,642635
"1357",2011,"Campeche",4,841116
"1358",2011,"Chiapas",7,4896706
"1359",2011,"Chihuahua",8,3482460
"1360",2011,"Coahuila",5,2807298
"1361",2011,"Colima",6,661016
"1362",2011,"Durango",10,1668931
"1363",2011,"Guanajuato",11,5582078
"1364",2011,"Guerrero",12,3449233
"1365",2011,"Hidalgo",13,2709348
"1366",2011,"Jalisco",14,7514787
"1367",2011,"Mexico City",9,9024221
"1368",2011,"Michoacan",16,4426748
"1369",2011,"Morelos",17,1810631
"1370",2011,"National",0,114551762
"1371",2011,"Nayarit",18,1103642
"1372",2011,"Nuevo Leon",19,4755508
"1373",2011,"Oaxaca",20,3869377
"1374",2011,"Puebla",21,5910369
"1375",2011,"Queretaro",22,1860227
"1376",2011,"Quintana Roo",23,1346941
"1377",2011,"San Luis Potosi",24,2637547
"1378",2011,"Sinaloa",25,2827877
"1379",2011,"Sonora",26,2707555
"1380",2011,"State of Mexico",15,15487319
"1381",2011,"Tabasco",27,2271839
"1382",2011,"Tamaulipas",28,3332074
"1383",2011,"Tlaxcala",29,1195492
"1384",2011,"Veracruz",30,7802516
"1385",2011,"Yucatan",31,1994767
"1386",2011,"Zacatecas",32,1518331
"1387",2012,"Aguascalientes",1,1237394
"1388",2012,"Baja California",2,3241289
"1389",2012,"Baja California Sur",3,660095
"1390",2012,"Campeche",4,858663
"1391",2012,"Chiapas",7,4993059
"1392",2012,"Chihuahua",8,3516536
"1393",2012,"Coahuila",5,2853217
"1394",2012,"Colima",6,675122
"1395",2012,"Durango",10,1695843
"1396",2012,"Guanajuato",11,5665220
"1397",2012,"Guerrero",12,3481609
"1398",2012,"Hidalgo",13,2754006
"1399",2012,"Jalisco",14,7622895
"1400",2012,"Mexico City",9,9044632
"1401",2012,"Michoacan",16,4480873
"1402",2012,"Morelos",17,1838938
"1403",2012,"National",0,116179714
"1404",2012,"Nayarit",18,1125263
"1405",2012,"Nuevo Leon",19,4859514
"1406",2012,"Oaxaca",20,3907434
"1407",2012,"Puebla",21,5997404
"1408",2012,"Queretaro",22,1907780
"1409",2012,"Quintana Roo",23,1386853
"1410",2012,"San Luis Potosi",24,2667215
"1411",2012,"Sinaloa",25,2872503
"1412",2012,"Sonora",26,2749802
"1413",2012,"State of Mexico",15,15714053
"1414",2012,"Tabasco",27,2308244
"1415",2012,"Tamaulipas",28,3372071
"1416",2012,"Tlaxcala",29,1218514
"1417",2012,"Veracruz",30,7908375
"1418",2012,"Yucatan",31,2026645
"1419",2012,"Zacatecas",32,1538653
"1420",2013,"Aguascalientes",1,1264423
"1421",2013,"Baja California",2,3275373
"1422",2013,"Baja California Sur",3,677079
"1423",2013,"Campeche",4,875365
"1424",2013,"Chiapas",7,5084410
"1425",2013,"Chihuahua",8,3546554
"1426",2013,"Coahuila",5,2896180
"1427",2013,"Colima",6,688554
"1428",2013,"Durango",10,1720931
"1429",2013,"Guanajuato",11,5742647
"1430",2013,"Guerrero",12,3510129
"1431",2013,"Hidalgo",13,2796084
"1432",2013,"Jalisco",14,7722821
"1433",2013,"Mexico City",9,9053465
"1434",2013,"Michoacan",16,4529826
"1435",2013,"Morelos",17,1865477
"1436",2013,"National",0,117688241
"1437",2013,"Nayarit",18,1145683
"1438",2013,"Nuevo Leon",19,4959023
"1439",2013,"Oaxaca",20,3941098
"1440",2013,"Puebla",21,6078319
"1441",2013,"Queretaro",22,1953882
"1442",2013,"Quintana Roo",23,1425874
"1443",2013,"San Luis Potosi",24,2694098
"1444",2013,"Sinaloa",25,2914220
"1445",2013,"Sonora",26,2789178
"1446",2013,"State of Mexico",15,15926638
"1447",2013,"Tabasco",27,2342380
"1448",2013,"Tamaulipas",28,3408346
"1449",2013,"Tlaxcala",29,1240518
"1450",2013,"Veracruz",30,8005995
"1451",2013,"Yucatan",31,2056411
"1452",2013,"Zacatecas",32,1557260
"1453",2014,"Aguascalientes",1,1291870
"1454",2014,"Baja California",2,3310052
"1455",2014,"Baja California Sur",3,694388
"1456",2014,"Campeche",4,892356
"1457",2014,"Chiapas",7,5176463
"1458",2014,"Chihuahua",8,3576746
"1459",2014,"Coahuila",5,2939561
"1460",2014,"Colima",6,702149
"1461",2014,"Durango",10,1746189
"1462",2014,"Guanajuato",11,5820986
"1463",2014,"Guerrero",12,3538829
"1464",2014,"Hidalgo",13,2838805
"1465",2014,"Jalisco",14,7823602
"1466",2014,"Mexico City",9,9062102
"1467",2014,"Michoacan",16,4578780
"1468",2014,"Morelos",17,1892420
"1469",2014,"National",0,119216240
"1470",2014,"Nayarit",18,1166262
"1471",2014,"Nuevo Leon",19,5060003
"1472",2014,"Oaxaca",20,3974883
"1473",2014,"Puebla",21,6160164
"1474",2014,"Queretaro",22,2000806
"1475",2014,"Quintana Roo",23,1465779
"1476",2014,"San Luis Potosi",24,2721284
"1477",2014,"Sinaloa",25,2956448
"1478",2014,"Sonora",26,2828978
"1479",2014,"State of Mexico",15,16144205
"1480",2014,"Tabasco",27,2377082
"1481",2014,"Tamaulipas",28,3444924
"1482",2014,"Tlaxcala",29,1262926
"1483",2014,"Veracruz",30,8104670
"1484",2014,"Yucatan",31,2086541
"1485",2014,"Zacatecas",32,1575987
"1486",2015,"Aguascalientes",1,1318573
"1487",2015,"Baja California",2,3342278
"1488",2015,"Baja California Sur",3,711349
"1489",2015,"Campeche",4,908727
"1490",2015,"Chiapas",7,5264681
"1491",2015,"Chihuahua",8,3603842
"1492",2015,"Coahuila",5,2980637
"1493",2015,"Colima",6,715235
"1494",2015,"Durango",10,1770030
"1495",2015,"Guanajuato",11,5894865
"1496",2015,"Guerrero",12,3564581
"1497",2015,"Hidalgo",13,2879573
"1498",2015,"Jalisco",14,7917951
"1499",2015,"Mexico City",9,9061836
"1500",2015,"Michoacan",16,4623608
"1501",2015,"Morelos",17,1918034
"1502",2015,"National",0,120653293
"1503",2015,"Nayarit",18,1185904
"1504",2015,"Nuevo Leon",19,5157523
"1505",2015,"Oaxaca",20,4005160
"1506",2015,"Puebla",21,6237245
"1507",2015,"Queretaro",22,2046731
"1508",2015,"Quintana Roo",23,1505131
"1509",2015,"San Luis Potosi",24,2746317
"1510",2015,"Sinaloa",25,2996410
"1511",2015,"Sonora",26,2866556
"1512",2015,"State of Mexico",15,16351859
"1513",2015,"Tabasco",27,2410118
"1514",2015,"Tamaulipas",28,3478674
"1515",2015,"Tlaxcala",29,1284507
"1516",2015,"Veracruz",30,8196978
"1517",2015,"Yucatan",31,2114990
"1518",2015,"Zacatecas",32,1593390
"1519",2016,"Aguascalientes",1,1344961
"1520",2016,"Baja California",2,3373208
"1521",2016,"Baja California Sur",3,728241
"1522",2016,"Campeche",4,924825
"1523",2016,"Chiapas",7,5350822
"1524",2016,"Chihuahua",8,3629024
"1525",2016,"Coahuila",5,3020371
"1526",2016,"Colima",6,728064
"1527",2016,"Durango",10,1793015
"1528",2016,"Guanajuato",11,5966266
"1529",2016,"Guerrero",12,3588493
"1530",2016,"Hidalgo",13,2919316
"1531",2016,"Jalisco",14,8008557
"1532",2016,"Mexico City",9,9055523
"1533",2016,"Michoacan",16,4665755
"1534",2016,"Morelos",17,1942864
"1535",2016,"National",0,122038924
"1536",2016,"Nayarit",18,1204950
"1537",2016,"Nuevo Leon",19,5253232
"1538",2016,"Oaxaca",20,4033177
"1539",2016,"Puebla",21,6311614
"1540",2016,"Queretaro",22,2092275
"1541",2016,"Quintana Roo",23,1544500
"1542",2016,"San Luis Potosi",24,2770073
"1543",2016,"Sinaloa",25,3035073
"1544",2016,"Sonora",26,2902852
"1545",2016,"State of Mexico",15,16555293
"1546",2016,"Tabasco",27,2442320
"1547",2016,"Tamaulipas",28,3510655
"1548",2016,"Tlaxcala",29,1305770
"1549",2016,"Veracruz",30,8285413
"1550",2016,"Yucatan",31,2142517
"1551",2016,"Zacatecas",32,1609905
"1552",2017,"Aguascalientes",1,1365580
"1553",2017,"Baja California",2,3433349
"1554",2017,"Baja California Sur",3,745653
"1555",2017,"Campeche",4,941956
"1556",2017,"Chiapas",7,5436946
"1557",2017,"Chihuahua",8,3669703
"1558",2017,"Coahuila",5,3065646
"1559",2017,"Colima",6,741151
"1560",2017,"Durango",10,1810807
"1561",2017,"Guanajuato",11,6028614
"1562",2017,"Guerrero",12,3606022
"1563",2017,"Hidalgo",13,2958096
"1564",2017,"Jalisco",14,8103241
"1565",2017,"Mexico City",9,9052343
"1566",2017,"Michoacan",16,4703808
"1567",2017,"Morelos",17,1966476
"1568",2017,"National",0,123388002
"1569",2017,"Nayarit",18,1224215
"1570",2017,"Nuevo Leon",19,5335066
"1571",2017,"Oaxaca",20,4059707
"1572",2017,"Puebla",21,6380173
"1573",2017,"Queretaro",22,2135092
"1574",2017,"Quintana Roo",23,1585224
"1575",2017,"San Luis Potosi",24,2792725
"1576",2017,"Sinaloa",25,3063593
"1577",2017,"Sonora",26,2942362
"1578",2017,"State of Mexico",15,16761610
"1579",2017,"Tabasco",27,2472315
"1580",2017,"Tamaulipas",28,3543443
"1581",2017,"Tlaxcala",29,1322953
"1582",2017,"Veracruz",30,8347672
"1583",2017,"Yucatan",31,2169134
"1584",2017,"Zacatecas",32,1623327
"1585",2018,"Aguascalientes",1,1385877
"1586",2018,"Baja California",2,3492294
"1587",2018,"Baja California Sur",3,762770
"1588",2018,"Campeche",4,958852
"1589",2018,"Chiapas",7,5521647
"1590",2018,"Chihuahua",8,3708996
"1591",2018,"Coahuila",5,3109944
"1592",2018,"Colima",6,753958
"1593",2018,"Durango",10,1828072
"1594",2018,"Guanajuato",11,6088423
"1595",2018,"Guerrero",12,3622355
"1596",2018,"Hidalgo",13,2995763
"1597",2018,"Jalisco",14,8194984
"1598",2018,"Mexico City",9,9045719
"1599",2018,"Michoacan",16,4739793
"1600",2018,"Morelos",17,1989302
"1601",2018,"National",0,124692044
"1602",2018,"Nayarit",18,1243105
"1603",2018,"Nuevo Leon",19,5415318
"1604",2018,"Oaxaca",20,4084833
"1605",2018,"Puebla",21,6446510
"1606",2018,"Queretaro",22,2177131
"1607",2018,"Quintana Roo",23,1625399
"1608",2018,"San Luis Potosi",24,2814553
"1609",2018,"Sinaloa",25,3091166
"1610",2018,"Sonora",26,2981144
"1611",2018,"State of Mexico",15,16960443
"1612",2018,"Tabasco",27,2501445
"1613",2018,"Tamaulipas",28,3574986
"1614",2018,"Tlaxcala",29,1339689
"1615",2018,"Veracruz",30,8406164
"1616",2018,"Yucatan",31,2195272
"1617",2018,"Zacatecas",32,1636137
"1618",2019,"Aguascalientes",1,1405625
"1619",2019,"Baja California",2,3550079
"1620",2019,"Baja California Sur",3,779726
"1621",2019,"Campeche",4,975685
"1622",2019,"Chiapas",7,5605965
"1623",2019,"Chihuahua",8,3746865
"1624",2019,"Coahuila",5,3153984
"1625",2019,"Colima",6,766595
"1626",2019,"Durango",10,1844737
"1627",2019,"Guanajuato",11,6145872
"1628",2019,"Guerrero",12,3636993
"1629",2019,"Hidalgo",13,3032650
"1630",2019,"Jalisco",14,8282892
"1631",2019,"Mexico City",9,9036958
"1632",2019,"Michoacan",16,4775052
"1633",2019,"Morelos",17,2011648
"1634",2019,"National",0,125960168
"1635",2019,"Nayarit",18,1261525
"1636",2019,"Nuevo Leon",19,5494283
"1637",2019,"Oaxaca",20,4109069
"1638",2019,"Puebla",21,6511015
"1639",2019,"Queretaro",22,2218638
"1640",2019,"Quintana Roo",23,1664973
"1641",2019,"San Luis Potosi",24,2835651
"1642",2019,"Sinaloa",25,3117935
"1643",2019,"Sonora",26,3019006
"1644",2019,"State of Mexico",15,17152777
"1645",2019,"Tabasco",27,2530298
"1646",2019,"Tamaulipas",28,3605885
"1647",2019,"Tlaxcala",29,1356078
"1648",2019,"Veracruz",30,8462063
"1649",2019,"Yucatan",31,2221105
"1650",2019,"Zacatecas",32,1648541
"1651",2020,"Aguascalientes",1,1425105
"1652",2020,"Baja California",2,3606940
"1653",2020,"Baja California Sur",3,796398
"1654",2020,"Campeche",4,992306
"1655",2020,"Chiapas",7,5688998
"1656",2020,"Chihuahua",8,3783680
"1657",2020,"Coahuila",5,3197188
"1658",2020,"Colima",6,778989
"1659",2020,"Durango",10,1861051
"1660",2020,"Guanajuato",11,6201449
"1661",2020,"Guerrero",12,3650850
"1662",2020,"Hidalgo",13,3068696
"1663",2020,"Jalisco",14,8368602
"1664",2020,"MCMA",33,21942666
"1665",2020,"Mexico City",9,9025363
"1666",2020,"Michoacan",16,4808791
"1667",2020,"Morelos",17,2033373
"1668",2020,"National",0,127191826
"1669",2020,"Nayarit",18,1279671
"1670",2020,"Nuevo Leon",19,5571904
"1671",2020,"Oaxaca",20,4132318
"1672",2020,"Puebla",21,6573843
"1673",2020,"Queretaro",22,2259471
"1674",2020,"Quintana Roo",23,1704010
"1675",2020,"San Luis Potosi",24,2856171
"1676",2020,"Sinaloa",25,3143980
"1677",2020,"Sonora",26,3056397
"1678",2020,"State of Mexico",15,17338220
"1679",2020,"Tabasco",27,2558349
"1680",2020,"Tamaulipas",28,3635833
"1681",2020,"Tlaxcala",29,1372108
"1682",2020,"Veracruz",30,8514724
"1683",2020,"Yucatan",31,2246505
"1684",2020,"Zacatecas",32,1660543
"1685",2021,"Aguascalientes",1,1444062
"1686",2021,"Baja California",2,3662693
"1687",2021,"Baja California Sur",3,812901
"1688",2021,"Campeche",4,1008820
"1689",2021,"Chiapas",7,5771631
"1690",2021,"Chihuahua",8,3819190
"1691",2021,"Coahuila",5,3240147
"1692",2021,"Colima",6,791211
"1693",2021,"Durango",10,1876826
"1694",2021,"Guanajuato",11,6254799
"1695",2021,"Guerrero",12,3663125
"1696",2021,"Hidalgo",13,3104020
"1697",2021,"Jalisco",14,8450678
"1698",2021,"Mexico City",9,9011823
"1699",2021,"Michoacan",16,4841892
"1700",2021,"Morelos",17,2054644
"1701",2021,"National",0,128389290
"1702",2021,"Nayarit",18,1297358
"1703",2021,"Nuevo Leon",19,5648291
"1704",2021,"Oaxaca",20,4154772
"1705",2021,"Puebla",21,6634950
"1706",2021,"Queretaro",22,2299709
"1707",2021,"Quintana Roo",23,1742407
"1708",2021,"San Luis Potosi",24,2876007
"1709",2021,"Sinaloa",25,3169254
"1710",2021,"Sonora",26,3092972
"1711",2021,"State of Mexico",15,17517243
"1712",2021,"Tabasco",27,2586115
"1713",2021,"Tamaulipas",28,3665263
"1714",2021,"Tlaxcala",29,1387812
"1715",2021,"Veracruz",30,8564890
"1716",2021,"Yucatan",31,2271580
"1717",2021,"Zacatecas",32,1672205
"1718",2022,"Aguascalientes",1,1462736
"1719",2022,"Baja California",2,3717519
"1720",2022,"Baja California Sur",3,829104
"1721",2022,"Campeche",4,1025091
"1722",2022,"Chiapas",7,5852999
"1723",2022,"Chihuahua",8,3853714
"1724",2022,"Coahuila",5,3282254
"1725",2022,"Colima",6,803172
"1726",2022,"Durango",10,1892317
"1727",2022,"Guanajuato",11,6306386
"1728",2022,"Guerrero",12,3674718
"1729",2022,"Hidalgo",13,3138593
"1730",2022,"Jalisco",14,8530830
"1731",2022,"Mexico City",9,8995721
"1732",2022,"Michoacan",16,4873559
"1733",2022,"Morelos",17,2075280
"1734",2022,"National",0,129552175
"1735",2022,"Nayarit",18,1314826
"1736",2022,"Nuevo Leon",19,5723377
"1737",2022,"Oaxaca",20,4176360
"1738",2022,"Puebla",21,6694470
"1739",2022,"Queretaro",22,2339257
"1740",2022,"Quintana Roo",23,1780269
"1741",2022,"San Luis Potosi",24,2895295
"1742",2022,"Sinaloa",25,3193861
"1743",2022,"Sonora",26,3129157
"1744",2022,"State of Mexico",15,17689507
"1745",2022,"Tabasco",27,2613095
"1746",2022,"Tamaulipas",28,3693876
"1747",2022,"Tlaxcala",29,1403177
"1748",2022,"Veracruz",30,8611950
"1749",2022,"Yucatan",31,2296184
"1750",2022,"Zacatecas",32,1683521
"1751",2023,"Aguascalientes",1,1480885
"1752",2023,"Baja California",2,3771210
"1753",2023,"Baja California Sur",3,845127
"1754",2023,"Campeche",4,1041253
"1755",2023,"Chiapas",7,5933941
"1756",2023,"Chihuahua",8,3886939
"1757",2023,"Coahuila",5,3324079
"1758",2023,"Colima",6,814957
"1759",2023,"Durango",10,1907291
"1760",2023,"Guanajuato",11,6355797
"1761",2023,"Guerrero",12,3684811
"1762",2023,"Hidalgo",13,3172469
"1763",2023,"Jalisco",14,8607470
"1764",2023,"Mexico City",9,8977732
"1765",2023,"Michoacan",16,4904575
"1766",2023,"Morelos",17,2095462
"1767",2023,"National",0,130681134
"1768",2023,"Nayarit",18,1331871
"1769",2023,"Nuevo Leon",19,5797237
"1770",2023,"Oaxaca",20,4197184
"1771",2023,"Puebla",21,6752285
"1772",2023,"Queretaro",22,2378151
"1773",2023,"Quintana Roo",23,1817453
"1774",2023,"San Luis Potosi",24,2913902
"1775",2023,"Sinaloa",25,3217716
"1776",2023,"Sonora",26,3164534
"1777",2023,"State of Mexico",15,17855292
"1778",2023,"Tabasco",27,2639780
"1779",2023,"Tamaulipas",28,3722023
"1780",2023,"Tlaxcala",29,1418206
"1781",2023,"Veracruz",30,8656535
"1782",2023,"Yucatan",31,2320449
"1783",2023,"Zacatecas",32,1694518
"1784",2024,"Aguascalientes",1,1498747
"1785",2024,"Baja California",2,3823900
"1786",2024,"Baja California Sur",3,860826
"1787",2024,"Campeche",4,1057141
"1788",2024,"Chiapas",7,6013625
"1789",2024,"Chihuahua",8,3919228
"1790",2024,"Coahuila",5,3365062
"1791",2024,"Colima",6,826474
"1792",2024,"Durango",10,1921996
"1793",2024,"Guanajuato",11,6403451
"1794",2024,"Guerrero",12,3694274
"1795",2024,"Hidalgo",13,3205637
"1796",2024,"Jalisco",14,8682257
"1797",2024,"Mexico City",9,8957269
"1798",2024,"Michoacan",16,4934209
"1799",2024,"Morelos",17,2115009
"1800",2024,"National",0,131776009
"1801",2024,"Nayarit",18,1348704
"1802",2024,"Nuevo Leon",19,5869790
"1803",2024,"Oaxaca",20,4217189
"1804",2024,"Puebla",21,6808528
"1805",2024,"Queretaro",22,2416319
"1806",2024,"Quintana Roo",23,1854043
"1807",2024,"San Luis Potosi",24,2931924
"1808",2024,"Sinaloa",25,3240893
"1809",2024,"Sonora",26,3199514
"1810",2024,"State of Mexico",15,18014388
"1811",2024,"Tabasco",27,2665704
"1812",2024,"Tamaulipas",28,3749420
"1813",2024,"Tlaxcala",29,1432899
"1814",2024,"Veracruz",30,8698177
"1815",2024,"Yucatan",31,2344237
"1816",2024,"Zacatecas",32,1705175
"1817",2025,"Aguascalientes",1,1516081
"1818",2025,"Baja California",2,3875397
"1819",2025,"Baja California Sur",3,876320
"1820",2025,"Campeche",4,1072902
"1821",2025,"Chiapas",7,6092877
"1822",2025,"Chihuahua",8,3950225
"1823",2025,"Coahuila",5,3405724
"1824",2025,"Colima",6,837803
"1825",2025,"Durango",10,1936225
"1826",2025,"Guanajuato",11,6448914
"1827",2025,"Guerrero",12,3702321
"1828",2025,"Hidalgo",13,3238101
"1829",2025,"Jalisco",14,8753634
"1830",2025,"Mexico City",9,8934978
"1831",2025,"Michoacan",16,4963206
"1832",2025,"Morelos",17,2134085
"1833",2025,"National",0,132837064
"1834",2025,"Nayarit",18,1365125
"1835",2025,"Nuevo Leon",19,5941062
"1836",2025,"Oaxaca",20,4236442
"1837",2025,"Puebla",21,6863089
"1838",2025,"Queretaro",22,2453808
"1839",2025,"Quintana Roo",23,1889949
"1840",2025,"San Luis Potosi",24,2949276
"1841",2025,"Sinaloa",25,3263307
"1842",2025,"Sonora",26,3233681
"1843",2025,"State of Mexico",15,18167032
"1844",2025,"Tabasco",27,2691332
"1845",2025,"Tamaulipas",28,3776382
"1846",2025,"Tlaxcala",29,1447245
"1847",2025,"Veracruz",30,8737362
"1848",2025,"Yucatan",31,2367644
"1849",2025,"Zacatecas",32,1715535
"1850",2026,"Aguascalientes",1,1533106
"1851",2026,"Baja California",2,3925863
"1852",2026,"Baja California Sur",3,891483
"1853",2026,"Campeche",4,1088382
"1854",2026,"Chiapas",7,6170926
"1855",2026,"Chihuahua",8,3980246
"1856",2026,"Coahuila",5,3445516
"1857",2026,"Colima",6,848859
"1858",2026,"Durango",10,1950217
"1859",2026,"Guanajuato",11,6492709
"1860",2026,"Guerrero",12,3709782
"1861",2026,"Hidalgo",13,3269863
"1862",2026,"Jalisco",14,8823242
"1863",2026,"Mexico City",9,8910259
"1864",2026,"Michoacan",16,4990891
"1865",2026,"Morelos",17,2152529
"1866",2026,"National",0,133864329
"1867",2026,"Nayarit",18,1381372
"1868",2026,"Nuevo Leon",19,6010970
"1869",2026,"Oaxaca",20,4254910
"1870",2026,"Puebla",21,6916116
"1871",2026,"Queretaro",22,2490503
"1872",2026,"Quintana Roo",23,1925257
"1873",2026,"San Luis Potosi",24,2966038
"1874",2026,"Sinaloa",25,3285012
"1875",2026,"Sonora",26,3267429
"1876",2026,"State of Mexico",15,18312937
"1877",2026,"Tabasco",27,2716201
"1878",2026,"Tamaulipas",28,3802631
"1879",2026,"Tlaxcala",29,1461251
"1880",2026,"Veracruz",30,8773678
"1881",2026,"Yucatan",31,2390541
"1882",2026,"Zacatecas",32,1725610
"1883",2027,"Aguascalientes",1,1549609
"1884",2027,"Baja California",2,3975079
"1885",2027,"Baja California Sur",3,906418
"1886",2027,"Campeche",4,1103713
"1887",2027,"Chiapas",7,6248568
"1888",2027,"Chihuahua",8,4008965
"1889",2027,"Coahuila",5,3484975
"1890",2027,"Colima",6,859711
"1891",2027,"Durango",10,1963749
"1892",2027,"Guanajuato",11,6534382
"1893",2027,"Guerrero",12,3715890
"1894",2027,"Hidalgo",13,3300949
"1895",2027,"Jalisco",14,8889596
"1896",2027,"Mexico City",9,8883726
"1897",2027,"Michoacan",16,5018041
"1898",2027,"Morelos",17,2170488
"1899",2027,"National",0,134858083
"1900",2027,"Nayarit",18,1397232
"1901",2027,"Nuevo Leon",19,6079538
"1902",2027,"Oaxaca",20,4272669
"1903",2027,"Puebla",21,6967465
"1904",2027,"Queretaro",22,2526495
"1905",2027,"Quintana Roo",23,1959845
"1906",2027,"San Luis Potosi",24,2982069
"1907",2027,"Sinaloa",25,3305929
"1908",2027,"Sonora",26,3300334
"1909",2027,"State of Mexico",15,18452403
"1910",2027,"Tabasco",27,2740803
"1911",2027,"Tamaulipas",28,3828437
"1912",2027,"Tlaxcala",29,1474909
"1913",2027,"Veracruz",30,8807662
"1914",2027,"Yucatan",31,2413024
"1915",2027,"Zacatecas",32,1735410
"1916",2028,"Aguascalientes",1,1565795
"1917",2028,"Baja California",2,4023239
"1918",2028,"Baja California Sur",3,920983
"1919",2028,"Campeche",4,1118797
"1920",2028,"Chiapas",7,6325028
"1921",2028,"Chihuahua",8,4036732
"1922",2028,"Coahuila",5,3523585
"1923",2028,"Colima",6,870319
"1924",2028,"Durango",10,1977071
"1925",2028,"Guanajuato",11,6574448
"1926",2028,"Guerrero",12,3721457
"1927",2028,"Hidalgo",13,3331324
"1928",2028,"Jalisco",14,8954227
"1929",2028,"Mexico City",9,8854786
"1930",2028,"Michoacan",16,5043928
"1931",2028,"Morelos",17,2187817
"1932",2028,"National",0,135818443
"1933",2028,"Nayarit",18,1412926
"1934",2028,"Nuevo Leon",19,6146708
"1935",2028,"Oaxaca",20,4289665
"1936",2028,"Puebla",21,7017284
"1937",2028,"Queretaro",22,2561696
"1938",2028,"Quintana Roo",23,1993806
"1939",2028,"San Luis Potosi",24,2997514
"1940",2028,"Sinaloa",25,3326133
"1941",2028,"Sonora",26,3332801
"1942",2028,"State of Mexico",15,18585166
"1943",2028,"Tabasco",27,2764669
"1944",2028,"Tamaulipas",28,3853539
"1945",2028,"Tlaxcala",29,1488221
"1946",2028,"Veracruz",30,8838871
"1947",2028,"Yucatan",31,2434969
"1948",2028,"Zacatecas",32,1744939
"1949",2029,"Aguascalientes",1,1581411
"1950",2029,"Baja California",2,4070146
"1951",2029,"Baja California Sur",3,935321
"1952",2029,"Campeche",4,1133734
"1953",2029,"Chiapas",7,6401152
"1954",2029,"Chihuahua",8,4063192
"1955",2029,"Coahuila",5,3561853
"1956",2029,"Colima",6,880720
"1957",2029,"Durango",10,1989945
"1958",2029,"Guanajuato",11,6612435
"1959",2029,"Guerrero",12,3725744
"1960",2029,"Hidalgo",13,3361024
"1961",2029,"Jalisco",14,9015652
"1962",2029,"Mexico City",9,8824036
"1963",2029,"Michoacan",16,5069301
"1964",2029,"Morelos",17,2204675
"1965",2029,"National",0,136745387
"1966",2029,"Nayarit",18,1428256
"1967",2029,"Nuevo Leon",19,6212495
"1968",2029,"Oaxaca",20,4305963
"1969",2029,"Puebla",21,7065402
"1970",2029,"Queretaro",22,2596154
"1971",2029,"Quintana Roo",23,2027051
"1972",2029,"San Luis Potosi",24,3012178
"1973",2029,"Sinaloa",25,3345536
"1974",2029,"Sonora",26,3364433
"1975",2029,"State of Mexico",15,18711366
"1976",2029,"Tabasco",27,2788271
"1977",2029,"Tamaulipas",28,3878194
"1978",2029,"Tlaxcala",29,1501185
"1979",2029,"Veracruz",30,8867836
"1980",2029,"Yucatan",31,2456499
"1981",2029,"Zacatecas",32,1754227
"1982",2030,"Aguascalientes",1,1596679
"1983",2030,"Baja California",2,4115991
"1984",2030,"Baja California Sur",3,949295
"1985",2030,"Campeche",4,1148400
"1986",2030,"Chiapas",7,6476124
"1987",2030,"Chihuahua",8,4088670
"1988",2030,"Coahuila",5,3599264
"1989",2030,"Colima",6,890851
"1990",2030,"Durango",10,2002576
"1991",2030,"Guanajuato",11,6648825
"1992",2030,"Guerrero",12,3729503
"1993",2030,"Hidalgo",13,3389986
"1994",2030,"Jalisco",14,9075419
"1995",2030,"Mexico City",9,8790889
"1996",2030,"Michoacan",16,5093493
"1997",2030,"Morelos",17,2220878
"1998",2030,"National",0,137638754
"1999",2030,"Nayarit",18,1443434
"2000",2030,"Nuevo Leon",19,6276844
"2001",2030,"Oaxaca",20,4321454
"2002",2030,"Puebla",21,7111962
"2003",2030,"Queretaro",22,2629799
"2004",2030,"Quintana Roo",23,2059667
"2005",2030,"San Luis Potosi",24,3026231
"2006",2030,"Sinaloa",25,3364210
"2007",2030,"Sonora",26,3395585
"2008",2030,"State of Mexico",15,18830841
"2009",2030,"Tabasco",27,2811154
"2010",2030,"Tamaulipas",28,3902106
"2011",2030,"Tlaxcala",29,1513781
"2012",2030,"Veracruz",30,8894128
"2013",2030,"Yucatan",31,2477471
"2014",2030,"Zacatecas",32,1763244
"2015",2031,"Aguascalientes",1,1611376
"2016",2031,"Baja California",2,4160604
"2017",2031,"Baja California Sur",3,963011
"2018",2031,"Campeche",4,1162943
"2019",2031,"Chiapas",7,6550784
"2020",2031,"Chihuahua",8,4112817
"2021",2031,"Coahuila",5,3636373
"2022",2031,"Colima",6,900786
"2023",2031,"Durango",10,2014747
"2024",2031,"Guanajuato",11,6683162
"2025",2031,"Guerrero",12,3731972
"2026",2031,"Hidalgo",13,3418216
"2027",2031,"Jalisco",14,9131993
"2028",2031,"Mexico City",9,8755849
"2029",2031,"Michoacan",16,5117192
"2030",2031,"Morelos",17,2236593
"2031",2031,"National",0,138498394
"2032",2031,"Nayarit",18,1458237
"2033",2031,"Nuevo Leon",19,6339729
"2034",2031,"Oaxaca",20,4336203
"2035",2031,"Puebla",21,7156778
"2036",2031,"Queretaro",22,2662698
"2037",2031,"Quintana Roo",23,2091564
"2038",2031,"San Luis Potosi",24,3039484
"2039",2031,"Sinaloa",25,3382059
"2040",2031,"Sonora",26,3425849
"2041",2031,"State of Mexico",15,18943737
"2042",2031,"Tabasco",27,2833797
"2043",2031,"Tamaulipas",28,3925556
"2044",2031,"Tlaxcala",29,1526002
"2045",2031,"Veracruz",30,8918256
"2046",2031,"Yucatan",31,2498004
"2047",2031,"Zacatecas",32,1772023
"2048",2032,"Aguascalientes",1,1625713
"2049",2032,"Baja California",2,4204142
"2050",2032,"Baja California Sur",3,976358
"2051",2032,"Campeche",4,1177215
"2052",2032,"Chiapas",7,6624299
"2053",2032,"Chihuahua",8,4135920
"2054",2032,"Coahuila",5,3672664
"2055",2032,"Colima",6,910477
"2056",2032,"Durango",10,2026664
"2057",2032,"Guanajuato",11,6715895
"2058",2032,"Guerrero",12,3733920
"2059",2032,"Hidalgo",13,3445691
"2060",2032,"Jalisco",14,9186901
"2061",2032,"Mexico City",9,8718397
"2062",2032,"Michoacan",16,5139689
"2063",2032,"Morelos",17,2251695
"2064",2032,"National",0,139324129
"2065",2032,"Nayarit",18,1472888
"2066",2032,"Nuevo Leon",19,6401093
"2067",2032,"Oaxaca",20,4350074
"2068",2032,"Puebla",21,7199995
"2069",2032,"Queretaro",22,2694745
"2070",2032,"Quintana Roo",23,2122826
"2071",2032,"San Luis Potosi",24,3052051
"2072",2032,"Sinaloa",25,3399145
"2073",2032,"Sonora",26,3455591
"2074",2032,"State of Mexico",15,19049938
"2075",2032,"Tabasco",27,2855742
"2076",2032,"Tamaulipas",28,3948222
"2077",2032,"Tlaxcala",29,1537859
"2078",2032,"Veracruz",30,8939817
"2079",2032,"Yucatan",31,2517970
"2080",2032,"Zacatecas",32,1780533
"2081",2033,"Aguascalientes",1,1639455
"2082",2033,"Baja California",2,4246392
"2083",2033,"Baja California Sur",3,989437
"2084",2033,"Campeche",4,1191349
"2085",2033,"Chiapas",7,6697457
"2086",2033,"Chihuahua",8,4157635
"2087",2033,"Coahuila",5,3708707
"2088",2033,"Colima",6,919976
"2089",2033,"Durango",10,2038072
"2090",2033,"Guanajuato",11,6746559
"2091",2033,"Guerrero",12,3734600
"2092",2033,"Hidalgo",13,3472391
"2093",2033,"Jalisco",14,9238683
"2094",2033,"Mexico City",9,8679134
"2095",2033,"Michoacan",16,5161662
"2096",2033,"Morelos",17,2266318
"2097",2033,"National",0,140115741
"2098",2033,"Nayarit",18,1487174
"2099",2033,"Nuevo Leon",19,6460947
"2100",2033,"Oaxaca",20,4363126
"2101",2033,"Puebla",21,7241381
"2102",2033,"Queretaro",22,2726011
"2103",2033,"Quintana Roo",23,2153369
"2104",2033,"San Luis Potosi",24,3063823
"2105",2033,"Sinaloa",25,3415378
"2106",2033,"Sonora",26,3484391
"2107",2033,"State of Mexico",15,19149674
"2108",2033,"Tabasco",27,2877434
"2109",2033,"Tamaulipas",28,3970346
"2110",2033,"Tlaxcala",29,1549338
"2111",2033,"Veracruz",30,8959277
"2112",2033,"Yucatan",31,2537468
"2113",2033,"Zacatecas",32,1788777
"2114",2034,"Aguascalientes",1,1652810
"2115",2034,"Baja California",2,4287551
"2116",2034,"Baja California Sur",3,1002160
"2117",2034,"Campeche",4,1205209
"2118",2034,"Chiapas",7,6769407
"2119",2034,"Chihuahua",8,4178294
"2120",2034,"Coahuila",5,3743975
"2121",2034,"Colima",6,929213
"2122",2034,"Durango",10,2049186
"2123",2034,"Guanajuato",11,6775604
"2124",2034,"Guerrero",12,3734721
"2125",2034,"Hidalgo",13,3498316
"2126",2034,"Jalisco",14,9288771
"2127",2034,"Mexico City",9,8637513
"2128",2034,"Michoacan",16,5182377
"2129",2034,"Morelos",17,2280328
"2130",2034,"National",0,140872964
"2131",2034,"Nayarit",18,1501286
"2132",2034,"Nuevo Leon",19,6519205
"2133",2034,"Oaxaca",20,4375279
"2134",2034,"Puebla",21,7281104
"2135",2034,"Queretaro",22,2756440
"2136",2034,"Quintana Roo",23,2183264
"2137",2034,"San Luis Potosi",24,3074924
"2138",2034,"Sinaloa",25,3430829
"2139",2034,"Sonora",26,3512608
"2140",2034,"State of Mexico",15,19242764
"2141",2034,"Tabasco",27,2898384
"2142",2034,"Tamaulipas",28,3991641
"2143",2034,"Tlaxcala",29,1560433
"2144",2034,"Veracruz",30,8976224
"2145",2034,"Yucatan",31,2556404
"2146",2034,"Zacatecas",32,1796740
"2147",2035,"Aguascalientes",1,1665560
"2148",2035,"Baja California",2,4327379
"2149",2035,"Baja California Sur",3,1014614
"2150",2035,"Campeche",4,1218922
"2151",2035,"Chiapas",7,6840924
"2152",2035,"Chihuahua",8,4197539
"2153",2035,"Coahuila",5,3779010
"2154",2035,"Colima",6,938265
"2155",2035,"Durango",10,2059731
"2156",2035,"Guanajuato",11,6802634
"2157",2035,"Guerrero",12,3733589
"2158",2035,"Hidalgo",13,3523429
"2159",2035,"Jalisco",14,9335706
"2160",2035,"Mexico City",9,8594097
"2161",2035,"Michoacan",16,5202533
"2162",2035,"Morelos",17,2293887
"2163",2035,"National",0,141595592
"2164",2035,"Nayarit",18,1514985
"2165",2035,"Nuevo Leon",19,6575844
"2166",2035,"Oaxaca",20,4386584
"2167",2035,"Puebla",21,7319003
"2168",2035,"Queretaro",22,2786102
"2169",2035,"Quintana Roo",23,2212429
"2170",2035,"San Luis Potosi",24,3085239
"2171",2035,"Sinaloa",25,3445425
"2172",2035,"Sonora",26,3539827
"2173",2035,"State of Mexico",15,19329449
"2174",2035,"Tabasco",27,2919075
"2175",2035,"Tamaulipas",28,4012352
"2176",2035,"Tlaxcala",29,1571134
"2177",2035,"Veracruz",30,8991084
"2178",2035,"Yucatan",31,2574838
"2179",2035,"Zacatecas",32,1804403
"2180",2036,"Aguascalientes",1,1677899
"2181",2036,"Baja California",2,4366068
"2182",2036,"Baja California Sur",3,1026664
"2183",2036,"Campeche",4,1232347
"2184",2036,"Chiapas",7,6911186
"2185",2036,"Chihuahua",8,4215687
"2186",2036,"Coahuila",5,3813273
"2187",2036,"Colima",6,947053
"2188",2036,"Durango",10,2069936
"2189",2036,"Guanajuato",11,6828101
"2190",2036,"Guerrero",12,3731909
"2191",2036,"Hidalgo",13,3547752
"2192",2036,"Jalisco",14,9380884
"2193",2036,"Mexico City",9,8548452
"2194",2036,"Michoacan",16,5221469
"2195",2036,"Morelos",17,2306828
"2196",2036,"National",0,142283509
"2197",2036,"Nayarit",18,1528463
"2198",2036,"Nuevo Leon",19,6630825
"2199",2036,"Oaxaca",20,4396944
"2200",2036,"Puebla",21,7355171
"2201",2036,"Queretaro",22,2814887
"2202",2036,"Quintana Roo",23,2240919
"2203",2036,"San Luis Potosi",24,3094923
"2204",2036,"Sinaloa",25,3459229
"2205",2036,"Sonora",26,3566436
"2206",2036,"State of Mexico",15,19409609
"2207",2036,"Tabasco",27,2939022
"2208",2036,"Tamaulipas",28,4032183
"2209",2036,"Tlaxcala",29,1581438
"2210",2036,"Veracruz",30,9003472
"2211",2036,"Yucatan",31,2592695
"2212",2036,"Zacatecas",32,1811785
"2213",2037,"Aguascalientes",1,1689629
"2214",2037,"Baja California",2,4403428
"2215",2037,"Baja California Sur",3,1038437
"2216",2037,"Campeche",4,1245597
"2217",2037,"Chiapas",7,6980912
"2218",2037,"Chihuahua",8,4232424
"2219",2037,"Coahuila",5,3847295
"2220",2037,"Colima",6,955652
"2221",2037,"Durango",10,2079561
"2222",2037,"Guanajuato",11,6851569
"2223",2037,"Guerrero",12,3729035
"2224",2037,"Hidalgo",13,3571242
"2225",2037,"Jalisco",14,9422923
"2226",2037,"Mexico City",9,8501086
"2227",2037,"Michoacan",16,5239827
"2228",2037,"Morelos",17,2319294
"2229",2037,"National",0,142936585
"2230",2037,"Nayarit",18,1541494
"2231",2037,"Nuevo Leon",19,6684148
"2232",2037,"Oaxaca",20,4406430
"2233",2037,"Puebla",21,7389487
"2234",2037,"Queretaro",22,2842871
"2235",2037,"Quintana Roo",23,2268651
"2236",2037,"San Luis Potosi",24,3103851
"2237",2037,"Sinaloa",25,3472164
"2238",2037,"Sonora",26,3592002
"2239",2037,"State of Mexico",15,19483419
"2240",2037,"Tabasco",27,2958653
"2241",2037,"Tamaulipas",28,4051386
"2242",2037,"Tlaxcala",29,1591360
"2243",2037,"Veracruz",30,9013814
"2244",2037,"Yucatan",31,2610068
"2245",2037,"Zacatecas",32,1818876
"2246",2038,"Aguascalientes",1,1700950
"2247",2038,"Baja California",2,4439574
"2248",2038,"Baja California Sur",3,1049800
"2249",2038,"Campeche",4,1258533
"2250",2038,"Chiapas",7,7049318
"2251",2038,"Chihuahua",8,4248061
"2252",2038,"Coahuila",5,3880533
"2253",2038,"Colima",6,963979
"2254",2038,"Durango",10,2088810
"2255",2038,"Guanajuato",11,6873439
"2256",2038,"Guerrero",12,3725625
"2257",2038,"Hidalgo",13,3593888
"2258",2038,"Jalisco",14,9463172
"2259",2038,"Mexico City",9,8451585
"2260",2038,"Michoacan",16,5256983
"2261",2038,"Morelos",17,2331172
"2262",2038,"National",0,143554554
"2263",2038,"Nayarit",18,1554251
"2264",2038,"Nuevo Leon",19,6735728
"2265",2038,"Oaxaca",20,4414995
"2266",2038,"Puebla",21,7422095
"2267",2038,"Queretaro",22,2869995
"2268",2038,"Quintana Roo",23,2295678
"2269",2038,"San Luis Potosi",24,3112162
"2270",2038,"Sinaloa",25,3484308
"2271",2038,"Sonora",26,3616915
"2272",2038,"State of Mexico",15,19550735
"2273",2038,"Tabasco",27,2977504
"2274",2038,"Tamaulipas",28,4069680
"2275",2038,"Tlaxcala",29,1600887
"2276",2038,"Veracruz",30,9021703
"2277",2038,"Yucatan",31,2626823
"2278",2038,"Zacatecas",32,1825673
"2279",2039,"Aguascalientes",1,1711654
"2280",2039,"Baja California",2,4474323
"2281",2039,"Baja California Sur",3,1060881
"2282",2039,"Campeche",4,1271296
"2283",2039,"Chiapas",7,7117143
"2284",2039,"Chihuahua",8,4262269
"2285",2039,"Coahuila",5,3913469
"2286",2039,"Colima",6,972104
"2287",2039,"Durango",10,2097445
"2288",2039,"Guanajuato",11,6893280
"2289",2039,"Guerrero",12,3721013
"2290",2039,"Hidalgo",13,3615696
"2291",2039,"Jalisco",14,9500194
"2292",2039,"Mexico City",9,8400464
"2293",2039,"Michoacan",16,5273540
"2294",2039,"Morelos",17,2342598
"2295",2039,"National",0,144137031
"2296",2039,"Nayarit",18,1566522
"2297",2039,"Nuevo Leon",19,6785595
"2298",2039,"Oaxaca",20,4422676
"2299",2039,"Puebla",21,7452789
"2300",2039,"Queretaro",22,2896312
"2301",2039,"Quintana Roo",23,2321911
"2302",2039,"San Luis Potosi",24,3119725
"2303",2039,"Sinaloa",25,3495565
"2304",2039,"Sonora",26,3640731
"2305",2039,"State of Mexico",15,19611724
"2306",2039,"Tabasco",27,2996030
"2307",2039,"Tamaulipas",28,4087312
"2308",2039,"Tlaxcala",29,1610006
"2309",2039,"Veracruz",30,9027540
"2310",2039,"Yucatan",31,2643073
"2311",2039,"Zacatecas",32,1832151
"2312",2040,"Aguascalientes",1,1721934
"2313",2040,"Baja California",2,4507880
"2314",2040,"Baja California Sur",3,1071528
"2315",2040,"Campeche",4,1283737
"2316",2040,"Chiapas",7,7183535
"2317",2040,"Chihuahua",8,4275354
"2318",2040,"Coahuila",5,3945596
"2319",2040,"Colima",6,979946
"2320",2040,"Durango",10,2105673
"2321",2040,"Guanajuato",11,6911510
"2322",2040,"Guerrero",12,3715886
"2323",2040,"Hidalgo",13,3636628
"2324",2040,"Jalisco",14,9535345
"2325",2040,"Mexico City",9,8347322
"2326",2040,"Michoacan",16,5288843
"2327",2040,"Morelos",17,2353396
"2328",2040,"National",0,144683623
"2329",2040,"Nayarit",18,1578491
"2330",2040,"Nuevo Leon",19,6833706
"2331",2040,"Oaxaca",20,4429418
"2332",2040,"Puebla",21,7481713
"2333",2040,"Queretaro",22,2921725
"2334",2040,"Quintana Roo",23,2347412
"2335",2040,"San Luis Potosi",24,3126656
"2336",2040,"Sinaloa",25,3506035
"2337",2040,"Sonora",26,3663862
"2338",2040,"State of Mexico",15,19666158
"2339",2040,"Tabasco",27,3013758
"2340",2040,"Tamaulipas",28,4103984
"2341",2040,"Tlaxcala",29,1618709
"2342",2040,"Veracruz",30,9030911
"2343",2040,"Yucatan",31,2658694
"2344",2040,"Zacatecas",32,1838278
"2345",2041,"Aguascalientes",1,1731576
"2346",2041,"Baja California",2,4539994
"2347",2041,"Baja California Sur",3,1081873
"2348",2041,"Campeche",4,1295972
"2349",2041,"Chiapas",7,7249272
"2350",2041,"Chihuahua",8,4287006
"2351",2041,"Coahuila",5,3977391
"2352",2041,"Colima",6,987557
"2353",2041,"Durango",10,2113271
"2354",2041,"Guanajuato",11,6927674
"2355",2041,"Guerrero",12,3709571
"2356",2041,"Hidalgo",13,3656667
"2357",2041,"Jalisco",14,9567196
"2358",2041,"Mexico City",9,8292604
"2359",2041,"Michoacan",16,5303512
"2360",2041,"Morelos",17,2363743
"2361",2041,"National",0,145193960
"2362",2041,"Nayarit",18,1589957
"2363",2041,"Nuevo Leon",19,6880058
"2364",2041,"Oaxaca",20,4435240
"2365",2041,"Puebla",21,7508687
"2366",2041,"Queretaro",22,2946293
"2367",2041,"Quintana Roo",23,2372077
"2368",2041,"San Luis Potosi",24,3132846
"2369",2041,"Sinaloa",25,3515615
"2370",2041,"Sonora",26,3685925
"2371",2041,"State of Mexico",15,19714239
"2372",2041,"Tabasco",27,3031113
"2373",2041,"Tamaulipas",28,4119958
"2374",2041,"Tlaxcala",29,1626987
"2375",2041,"Veracruz",30,9032213
"2376",2041,"Yucatan",31,2673779
"2377",2041,"Zacatecas",32,1844094
"2378",2042,"Aguascalientes",1,1740798
"2379",2042,"Baja California",2,4570853
"2380",2042,"Baja California Sur",3,1091797
"2381",2042,"Campeche",4,1307879
"2382",2042,"Chiapas",7,7313536
"2383",2042,"Chihuahua",8,4297544
"2384",2042,"Coahuila",5,4008297
"2385",2042,"Colima",6,994882
"2386",2042,"Durango",10,2120452
"2387",2042,"Guanajuato",11,6942139
"2388",2042,"Guerrero",12,3702718
"2389",2042,"Hidalgo",13,3675796
"2390",2042,"Jalisco",14,9597125
"2391",2042,"Mexico City",9,8235951
"2392",2042,"Michoacan",16,5316881
"2393",2042,"Morelos",17,2373454
"2394",2042,"National",0,145667702
"2395",2042,"Nayarit",18,1601095
"2396",2042,"Nuevo Leon",19,6924599
"2397",2042,"Oaxaca",20,4440087
"2398",2042,"Puebla",21,7533863
"2399",2042,"Queretaro",22,2969935
"2400",2042,"Quintana Roo",23,2395983
"2401",2042,"San Luis Potosi",24,3138357
"2402",2042,"Sinaloa",25,3524399
"2403",2042,"Sonora",26,3707244
"2404",2042,"State of Mexico",15,19755802
"2405",2042,"Tabasco",27,3047636
"2406",2042,"Tamaulipas",28,4134961
"2407",2042,"Tlaxcala",29,1634840
"2408",2042,"Veracruz",30,9031027
"2409",2042,"Yucatan",31,2688231
"2410",2042,"Zacatecas",32,1849541
"2411",2043,"Aguascalientes",1,1749383
"2412",2043,"Baja California",2,4600232
"2413",2043,"Baja California Sur",3,1101378
"2414",2043,"Campeche",4,1319566
"2415",2043,"Chiapas",7,7377089
"2416",2043,"Chihuahua",8,4306689
"2417",2043,"Coahuila",5,4038837
"2418",2043,"Colima",6,1001975
"2419",2043,"Durango",10,2126998
"2420",2043,"Guanajuato",11,6954467
"2421",2043,"Guerrero",12,3694728
"2422",2043,"Hidalgo",13,3694007
"2423",2043,"Jalisco",14,9623732
"2424",2043,"Mexico City",9,8177783
"2425",2043,"Michoacan",16,5329566
"2426",2043,"Morelos",17,2382650
"2427",2043,"National",0,146104562
"2428",2043,"Nayarit",18,1611725
"2429",2043,"Nuevo Leon",19,6967348
"2430",2043,"Oaxaca",20,4444026
"2431",2043,"Puebla",21,7557059
"2432",2043,"Queretaro",22,2992692
"2433",2043,"Quintana Roo",23,2419019
"2434",2043,"San Luis Potosi",24,3143115
"2435",2043,"Sinaloa",25,3532304
"2436",2043,"Sonora",26,3727471
"2437",2043,"State of Mexico",15,19790978
"2438",2043,"Tabasco",27,3063768
"2439",2043,"Tamaulipas",28,4149233
"2440",2043,"Tlaxcala",29,1642263
"2441",2043,"Veracruz",30,9027758
"2442",2043,"Yucatan",31,2702101
"2443",2043,"Zacatecas",32,1854622
"2444",2044,"Aguascalientes",1,1757537
"2445",2044,"Baja California",2,4628348
"2446",2044,"Baja California Sur",3,1110523
"2447",2044,"Campeche",4,1330888
"2448",2044,"Chiapas",7,7439097
"2449",2044,"Chihuahua",8,4314718
"2450",2044,"Coahuila",5,4068464
"2451",2044,"Colima",6,1008773
"2452",2044,"Durango",10,2133137
"2453",2044,"Guanajuato",11,6965040
"2454",2044,"Guerrero",12,3686215
"2455",2044,"Hidalgo",13,3711266
"2456",2044,"Jalisco",14,9648321
"2457",2044,"Mexico City",9,8117736
"2458",2044,"Michoacan",16,5340941
"2459",2044,"Morelos",17,2391207
"2460",2044,"National",0,146504411
"2461",2044,"Nayarit",18,1622010
"2462",2044,"Nuevo Leon",19,7008270
"2463",2044,"Oaxaca",20,4446984
"2464",2044,"Puebla",21,7578409
"2465",2044,"Queretaro",22,3014502
"2466",2044,"Quintana Roo",23,2441289
"2467",2044,"San Luis Potosi",24,3147206
"2468",2044,"Sinaloa",25,3539421
"2469",2044,"Sonora",26,3746983
"2470",2044,"State of Mexico",15,19819640
"2471",2044,"Tabasco",27,3079064
"2472",2044,"Tamaulipas",28,4162541
"2473",2044,"Tlaxcala",29,1649255
"2474",2044,"Veracruz",30,9021991
"2475",2044,"Yucatan",31,2715315
"2476",2044,"Zacatecas",32,1859320
"2477",2045,"Aguascalientes",1,1765048
"2478",2045,"Baja California",2,4654973
"2479",2045,"Baja California Sur",3,1119331
"2480",2045,"Campeche",4,1341976
"2481",2045,"Chiapas",7,7500334
"2482",2045,"Chihuahua",8,4321362
"2483",2045,"Coahuila",5,4097688
"2484",2045,"Colima",6,1015342
"2485",2045,"Durango",10,2138612
"2486",2045,"Guanajuato",11,6973414
"2487",2045,"Guerrero",12,3676575
"2488",2045,"Hidalgo",13,3727598
"2489",2045,"Jalisco",14,9669552
"2490",2045,"Mexico City",9,8056314
"2491",2045,"Michoacan",16,5351611
"2492",2045,"Morelos",17,2399234
"2493",2045,"National",0,146867295
"2494",2045,"Nayarit",18,1631757
"2495",2045,"Nuevo Leon",19,7047402
"2496",2045,"Oaxaca",20,4449035
"2497",2045,"Puebla",21,7597794
"2498",2045,"Queretaro",22,3035409
"2499",2045,"Quintana Roo",23,2462681
"2500",2045,"San Luis Potosi",24,3150515
"2501",2045,"Sinaloa",25,3545656
"2502",2045,"Sonora",26,3765407
"2503",2045,"State of Mexico",15,19841984
"2504",2045,"Tabasco",27,3093941
"2505",2045,"Tamaulipas",28,4175165
"2506",2045,"Tlaxcala",29,1655798
"2507",2045,"Veracruz",30,9014165
"2508",2045,"Yucatan",31,2727960
"2509",2045,"Zacatecas",32,1863662
"2510",2046,"Aguascalientes",1,1772139
"2511",2046,"Baja California",2,4680306
"2512",2046,"Baja California Sur",3,1127692
"2513",2046,"Campeche",4,1352688
"2514",2046,"Chiapas",7,7560000
"2515",2046,"Chihuahua",8,4326932
"2516",2046,"Coahuila",5,4125964
"2517",2046,"Colima",6,1021598
"2518",2046,"Durango",10,2143688
"2519",2046,"Guanajuato",11,6980074
"2520",2046,"Guerrero",12,3666458
"2521",2046,"Hidalgo",13,3743005
"2522",2046,"Jalisco",14,9688810
"2523",2046,"Mexico City",9,7993107
"2524",2046,"Michoacan",16,5360963
"2525",2046,"Morelos",17,2406628
"2526",2046,"National",0,147193389
"2527",2046,"Nayarit",18,1641155
"2528",2046,"Nuevo Leon",19,7084718
"2529",2046,"Oaxaca",20,4450155
"2530",2046,"Puebla",21,7615355
"2531",2046,"Queretaro",22,3055354
"2532",2046,"Quintana Roo",23,2483258
"2533",2046,"San Luis Potosi",24,3153169
"2534",2046,"Sinaloa",25,3551104
"2535",2046,"Sonora",26,3783113
"2536",2046,"State of Mexico",15,19857867
"2537",2046,"Tabasco",27,3107960
"2538",2046,"Tamaulipas",28,4186827
"2539",2046,"Tlaxcala",29,1661893
"2540",2046,"Veracruz",30,9003899
"2541",2046,"Yucatan",31,2739912
"2542",2046,"Zacatecas",32,1867598
"2543",2047,"Aguascalientes",1,1778608
"2544",2047,"Baja California",2,4704149
"2545",2047,"Baja California Sur",3,1135697
"2546",2047,"Campeche",4,1363163
"2547",2047,"Chiapas",7,7618887
"2548",2047,"Chihuahua",8,4331157
"2549",2047,"Coahuila",5,4153810
"2550",2047,"Colima",6,1027607
"2551",2047,"Durango",10,2148141
"2552",2047,"Guanajuato",11,6984563
"2553",2047,"Guerrero",12,3655281
"2554",2047,"Hidalgo",13,3757474
"2555",2047,"Jalisco",14,9704759
"2556",2047,"Mexico City",9,7928599
"2557",2047,"Michoacan",16,5369626
"2558",2047,"Morelos",17,2413498
"2559",2047,"National",0,147482940
"2560",2047,"Nayarit",18,1650028
"2561",2047,"Nuevo Leon",19,7120223
"2562",2047,"Oaxaca",20,4450408
"2563",2047,"Puebla",21,7630977
"2564",2047,"Queretaro",22,3074373
"2565",2047,"Quintana Roo",23,2502937
"2566",2047,"San Luis Potosi",24,3155046
"2567",2047,"Sinaloa",25,3555705
"2568",2047,"Sonora",26,3799724
"2569",2047,"State of Mexico",15,19867550
"2570",2047,"Tabasco",27,3121555
"2571",2047,"Tamaulipas",28,4197797
"2572",2047,"Tlaxcala",29,1667543
"2573",2047,"Veracruz",30,8991609
"2574",2047,"Yucatan",31,2751274
"2575",2047,"Zacatecas",32,1871172
"2576",2048,"Aguascalientes",1,1784630
"2577",2048,"Baja California",2,4726695
"2578",2048,"Baja California Sur",3,1143254
"2579",2048,"Campeche",4,1373262
"2580",2048,"Chiapas",7,7676172
"2581",2048,"Chihuahua",8,4334320
"2582",2048,"Coahuila",5,4180694
"2583",2048,"Colima",6,1033312
"2584",2048,"Durango",10,2152198
"2585",2048,"Guanajuato",11,6987342
"2586",2048,"Guerrero",12,3643614
"2587",2048,"Hidalgo",13,3770995
"2588",2048,"Jalisco",14,9718714
"2589",2048,"Mexico City",9,7862475
"2590",2048,"Michoacan",16,5377067
"2591",2048,"Morelos",17,2419730
"2592",2048,"National",0,147736207
"2593",2048,"Nayarit",18,1658571
"2594",2048,"Nuevo Leon",19,7153910
"2595",2048,"Oaxaca",20,4449716
"2596",2048,"Puebla",21,7644823
"2597",2048,"Queretaro",22,3092403
"2598",2048,"Quintana Roo",23,2521792
"2599",2048,"San Luis Potosi",24,3156272
"2600",2048,"Sinaloa",25,3559532
"2601",2048,"Sonora",26,3815631
"2602",2048,"State of Mexico",15,19870944
"2603",2048,"Tabasco",27,3134295
"2604",2048,"Tamaulipas",28,4207822
"2605",2048,"Tlaxcala",29,1672761
"2606",2048,"Veracruz",30,8976968
"2607",2048,"Yucatan",31,2761939
"2608",2048,"Zacatecas",32,1874354
"2609",2049,"Aguascalientes",1,1790035
"2610",2049,"Baja California",2,4747759
"2611",2049,"Baja California Sur",3,1150481
"2612",2049,"Campeche",4,1383095
"2613",2049,"Chiapas",7,7732671
"2614",2049,"Chihuahua",8,4336185
"2615",2049,"Coahuila",5,4207130
"2616",2049,"Colima",6,1038748
"2617",2049,"Durango",10,2155647
"2618",2049,"Guanajuato",11,6987979
"2619",2049,"Guerrero",12,3630920
"2620",2049,"Hidalgo",13,3783631
"2621",2049,"Jalisco",14,9729400
"2622",2049,"Mexico City",9,7795136
"2623",2049,"Michoacan",16,5383826
"2624",2049,"Morelos",17,2425457
"2625",2049,"National",0,147953422
"2626",2049,"Nayarit",18,1666573
"2627",2049,"Nuevo Leon",19,7185804
"2628",2049,"Oaxaca",20,4448190
"2629",2049,"Puebla",21,7656739
"2630",2049,"Queretaro",22,3109505
"2631",2049,"Quintana Roo",23,2539741
"2632",2049,"San Luis Potosi",24,3156716
"2633",2049,"Sinaloa",25,3562528
"2634",2049,"Sonora",26,3830476
"2635",2049,"State of Mexico",15,19868218
"2636",2049,"Tabasco",27,3146599
"2637",2049,"Tamaulipas",28,4217202
"2638",2049,"Tlaxcala",29,1677533
"2639",2049,"Veracruz",30,8960342
"2640",2049,"Yucatan",31,2771983
"2641",2049,"Zacatecas",32,1877173
"2642",2050,"Aguascalientes",1,1795004
"2643",2050,"Baja California",2,4767528
"2644",2050,"Baja California Sur",3,1157238
"2645",2050,"Campeche",4,1392554
"2646",2050,"Chiapas",7,7787547
"2647",2050,"Chihuahua",8,4337029
"2648",2050,"Coahuila",5,4232602
"2649",2050,"Colima",6,1043892
"2650",2050,"Durango",10,2158693
"2651",2050,"Guanajuato",11,6986885
"2652",2050,"Guerrero",12,3617784
"2653",2050,"Hidalgo",13,3795322
"2654",2050,"Jalisco",14,9738084
"2655",2050,"Mexico City",9,7726285
"2656",2050,"Michoacan",16,5389362
"2657",2050,"Morelos",17,2430540
"2658",2050,"National",0,148134871
"2659",2050,"Nayarit",18,1674237
"2660",2050,"Nuevo Leon",19,7215915
"2661",2050,"Oaxaca",20,4445799
"2662",2050,"Puebla",21,7666887
"2663",2050,"Queretaro",22,3125604
"2664",2050,"Quintana Roo",23,2556873
"2665",2050,"San Luis Potosi",24,3156521
"2666",2050,"Sinaloa",25,3564762
"2667",2050,"Sonora",26,3844620
"2668",2050,"State of Mexico",15,19859358
"2669",2050,"Tabasco",27,3158067
"2670",2050,"Tamaulipas",28,4225678
"2671",2050,"Tlaxcala",29,1681852
"2672",2050,"Veracruz",30,8941419
"2673",2050,"Yucatan",31,2781311
"2674",2050,"Zacatecas",32,1879619
"2675",2051,"Aguascalientes",1,1799356
"2676",2051,"Baja California",2,4785815
"2677",2051,"Baja California Sur",3,1163662
"2678",2051,"Campeche",4,1401750
"2679",2051,"Chiapas",7,7841613
"2680",2051,"Chihuahua",8,4336601
"2681",2051,"Coahuila",5,4257624
"2682",2051,"Colima",6,1048771
"2683",2051,"Durango",10,2161129
"2684",2051,"Guanajuato",11,6983658
"2685",2051,"Guerrero",12,3603676
"2686",2051,"Hidalgo",13,3806089
"2687",2051,"Jalisco",14,9743534
"2688",2051,"Mexico City",9,7656308
"2689",2051,"Michoacan",16,5394251
"2690",2051,"Morelos",17,2435096
"2691",2051,"National",0,148280825
"2692",2051,"Nayarit",18,1681394
"2693",2051,"Nuevo Leon",19,7244252
"2694",2051,"Oaxaca",20,4442583
"2695",2051,"Puebla",21,7675104
"2696",2051,"Queretaro",22,3140760
"2697",2051,"Quintana Roo",23,2573085
"2698",2051,"San Luis Potosi",24,3155562
"2699",2051,"Sinaloa",25,3566176
"2700",2051,"Sonora",26,3857719
"2701",2051,"State of Mexico",15,19844579
"2702",2051,"Tabasco",27,3169112
"2703",2051,"Tamaulipas",28,4233521
"2704",2051,"Tlaxcala",29,1685717
"2705",2051,"Veracruz",30,8920597
"2706",2051,"Yucatan",31,2790022
"2707",2051,"Zacatecas",32,1881709
